"HospitalName","Description","Price"
"Black River Medical Center","ACETAMINOPHEN (TYLENOL) 650MG SUPP",25
"Black River Medical Center","ACETAMINOPHEN (TYLENOL) SOL 5ML UD",1.25
"Black River Medical Center","ACETAMINOPHEN AND CODEINE 120/12- 5ML UD",4.59
"Black River Medical Center","ACETAMINOPHEN TAB 325MG  100",1.25
"Black River Medical Center","ACETAMINOPHEN WITH COD TAB 300/30MG",1.25
"Black River Medical Center","ACETAZOLAMIDE ER CAP UD 500MG",24.28
"Black River Medical Center","ACETAZOLAMIDE TAB 250MG UD",3.5
"Black River Medical Center",NA,NA
"Black River Medical Center",NA,NA
"Black River Medical Center",NA,NA
"Black River Medical Center",NA,NA
"Black River Medical Center",NA,NA
"Black River Medical Center",NA,NA
"Black River Medical Center",NA,NA
"Black River Medical Center",NA,NA
"Black River Medical Center",NA,NA
"Black River Medical Center",NA,NA
"Black River Medical Center",NA,NA
"Black River Medical Center",NA,NA
"Black River Medical Center",NA,NA
"Black River Medical Center",NA,NA
"Black River Medical Center",NA,NA
"Black River Medical Center",NA,NA
"Black River Medical Center",NA,NA
"Black River Medical Center",NA,NA
"Black River Medical Center",NA,NA
"Black River Medical Center",NA,NA
"Black River Medical Center",NA,NA
"Black River Medical Center",NA,NA
"Black River Medical Center",NA,NA
"Black River Medical Center",NA,NA
"Black River Medical Center",NA,NA
"Black River Medical Center",NA,NA
"Black River Medical Center",NA,NA
"Black River Medical Center",NA,NA
"Black River Medical Center",NA,NA
"Black River Medical Center",NA,NA
"Black River Medical Center",NA,NA
"Black River Medical Center",NA,NA
"Black River Medical Center",NA,NA
"Black River Medical Center",NA,NA
"Black River Medical Center",NA,NA
"Black River Medical Center",NA,NA
"Black River Medical Center",NA,NA
"Black River Medical Center",NA,NA
"Black River Medical Center",NA,NA
"Black River Medical Center",NA,NA
"Black River Medical Center",NA,NA
"Black River Medical Center",NA,NA
"Black River Medical Center",NA,NA
"Black River Medical Center",NA,NA
"Black River Medical Center",NA,NA
"Black River Medical Center",NA,NA
"Black River Medical Center",NA,NA
"Black River Medical Center",NA,NA
"Black River Medical Center",NA,NA
"Black River Medical Center",NA,NA
"Black River Medical Center",NA,NA
"Black River Medical Center",NA,NA
"Black River Medical Center",NA,NA
"Black River Medical Center",NA,NA
"Black River Medical Center",NA,NA
"Black River Medical Center",NA,NA
"Black River Medical Center",NA,NA
"Black River Medical Center",NA,NA
"Black River Medical Center",NA,NA
"Black River Medical Center",NA,NA
"Black River Medical Center",NA,NA
"Black River Medical Center",NA,NA
"Black River Medical Center",NA,NA
"Black River Medical Center",NA,NA
"Black River Medical Center",NA,NA
"Black River Medical Center",NA,NA
"Black River Medical Center",NA,NA
"Black River Medical Center",NA,NA
"Black River Medical Center",NA,NA
"Black River Medical Center",NA,NA
"Black River Medical Center",NA,NA
"Black River Medical Center",NA,NA
"Black River Medical Center",NA,NA
"Black River Medical Center",NA,NA
"Black River Medical Center",NA,NA
"Black River Medical Center",NA,NA
"Black River Medical Center",NA,NA
"Black River Medical Center",NA,NA
"Black River Medical Center",NA,NA
"Black River Medical Center",NA,NA
"Black River Medical Center",NA,NA
"Black River Medical Center",NA,NA
"Black River Medical Center",NA,NA
"Black River Medical Center",NA,NA
"Black River Medical Center",NA,NA
"Black River Medical Center",NA,NA
"Black River Medical Center",NA,NA
"Black River Medical Center",NA,NA
"Black River Medical Center",NA,NA
"Black River Medical Center",NA,NA
"Black River Medical Center",NA,NA
"Black River Medical Center",NA,NA
"Black River Medical Center",NA,NA
"Black River Medical Center",NA,NA
"Black River Medical Center",NA,NA
"Black River Medical Center",NA,NA
"Black River Medical Center",NA,NA
"Black River Medical Center",NA,NA
"Black River Medical Center",NA,NA
"Black River Medical Center",NA,NA
"Black River Medical Center",NA,NA
"Black River Medical Center",NA,NA
"Black River Medical Center",NA,NA
"Black River Medical Center",NA,NA
"Black River Medical Center",NA,NA
"Black River Medical Center",NA,NA
"Black River Medical Center",NA,NA
"Black River Medical Center",NA,NA
"Black River Medical Center",NA,NA
"Black River Medical Center",NA,NA
"Black River Medical Center",NA,NA
"Black River Medical Center",NA,NA
"Black River Medical Center",NA,NA
"Black River Medical Center",NA,NA
"Black River Medical Center",NA,NA
"Black River Medical Center",NA,NA
"Black River Medical Center",NA,NA
"Black River Medical Center",NA,NA
"Black River Medical Center",NA,NA
"Black River Medical Center",NA,NA
"Black River Medical Center",NA,NA
"Black River Medical Center",NA,NA
"Black River Medical Center",NA,NA
"Black River Medical Center",NA,NA
"Black River Medical Center",NA,NA
"Black River Medical Center",NA,NA
"Black River Medical Center",NA,NA
"Black River Medical Center",NA,NA
"Black River Medical Center",NA,NA
"Black River Medical Center",NA,NA
"Black River Medical Center",NA,NA
"Black River Medical Center",NA,NA
"Black River Medical Center",NA,NA
"Black River Medical Center",NA,NA
"Black River Medical Center",NA,NA
"Black River Medical Center",NA,NA
"Black River Medical Center",NA,NA
"Black River Medical Center",NA,NA
"Black River Medical Center",NA,NA
"Black River Medical Center",NA,NA
"Black River Medical Center",NA,NA
"Black River Medical Center",NA,NA
"Black River Medical Center",NA,NA
"Black River Medical Center",NA,NA
"Black River Medical Center",NA,NA
"Black River Medical Center",NA,NA
"Black River Medical Center",NA,NA
"Black River Medical Center",NA,NA
"Black River Medical Center",NA,NA
"Black River Medical Center",NA,NA
"Black River Medical Center",NA,NA
"Black River Medical Center",NA,NA
"Black River Medical Center",NA,NA
"Black River Medical Center",NA,NA
"Black River Medical Center",NA,NA
"Black River Medical Center",NA,NA
"Black River Medical Center",NA,NA
"Black River Medical Center",NA,NA
"Black River Medical Center",NA,NA
"Black River Medical Center",NA,NA
"Black River Medical Center",NA,NA
"Black River Medical Center",NA,NA
"Black River Medical Center",NA,NA
"Black River Medical Center",NA,NA
"Black River Medical Center",NA,NA
"Black River Medical Center",NA,NA
"Black River Medical Center",NA,NA
"Black River Medical Center",NA,NA
"Black River Medical Center",NA,NA
"Black River Medical Center",NA,NA
"Black River Medical Center",NA,NA
"Black River Medical Center",NA,NA
"Black River Medical Center",NA,NA
"Black River Medical Center",NA,NA
"Black River Medical Center",NA,NA
"Black River Medical Center",NA,NA
"Black River Medical Center",NA,NA
"Black River Medical Center",NA,NA
"Black River Medical Center",NA,NA
"Black River Medical Center",NA,NA
"Black River Medical Center",NA,NA
"Black River Medical Center",NA,NA
"Black River Medical Center",NA,NA
"Black River Medical Center",NA,NA
"Black River Medical Center",NA,NA
"Black River Medical Center",NA,NA
"Black River Medical Center",NA,NA
"Black River Medical Center",NA,NA
"Black River Medical Center",NA,NA
"Black River Medical Center",NA,NA
"Black River Medical Center",NA,NA
"Black River Medical Center",NA,NA
"Black River Medical Center",NA,NA
"Black River Medical Center",NA,NA
"Black River Medical Center",NA,NA
"Black River Medical Center",NA,NA
"Black River Medical Center",NA,NA
"Black River Medical Center",NA,NA
"Black River Medical Center",NA,NA
"Black River Medical Center",NA,NA
"Black River Medical Center",NA,NA
"Black River Medical Center",NA,NA
"Black River Medical Center",NA,NA
"Black River Medical Center",NA,NA
"Black River Medical Center",NA,NA
"Black River Medical Center",NA,NA
"Black River Medical Center",NA,NA
"Black River Medical Center",NA,NA
"Black River Medical Center",NA,NA
"Black River Medical Center",NA,NA
"Black River Medical Center",NA,NA
"Black River Medical Center",NA,NA
"Black River Medical Center",NA,NA
"Black River Medical Center",NA,NA
"Black River Medical Center",NA,NA
"Black River Medical Center",NA,NA
"Black River Medical Center",NA,NA
"Black River Medical Center",NA,NA
"Black River Medical Center",NA,NA
"Black River Medical Center",NA,NA
"Black River Medical Center",NA,NA
"Black River Medical Center",NA,NA
"Black River Medical Center",NA,NA
"Black River Medical Center",NA,NA
"Black River Medical Center",NA,NA
"Black River Medical Center",NA,NA
"Black River Medical Center",NA,NA
"Black River Medical Center",NA,NA
"Black River Medical Center",NA,NA
"Black River Medical Center",NA,NA
"Black River Medical Center",NA,NA
"Black River Medical Center",NA,NA
"Black River Medical Center",NA,NA
"Black River Medical Center",NA,NA
"Black River Medical Center",NA,NA
"Black River Medical Center",NA,NA
"Black River Medical Center",NA,NA
"Black River Medical Center",NA,NA
"Black River Medical Center",NA,NA
"Black River Medical Center",NA,NA
"Black River Medical Center",NA,NA
"Black River Medical Center",NA,NA
"Black River Medical Center",NA,NA
"Black River Medical Center",NA,NA
"Black River Medical Center",NA,NA
"Black River Medical Center",NA,NA
"Black River Medical Center",NA,NA
"Black River Medical Center",NA,NA
"Black River Medical Center",NA,NA
"Black River Medical Center",NA,NA
"Black River Medical Center",NA,NA
"Black River Medical Center",NA,NA
"Black River Medical Center",NA,NA
"Black River Medical Center",NA,NA
"Black River Medical Center",NA,NA
"Black River Medical Center",NA,NA
"Black River Medical Center",NA,NA
"Black River Medical Center",NA,NA
"Black River Medical Center",NA,NA
"Black River Medical Center",NA,NA
"Black River Medical Center",NA,NA
"Black River Medical Center",NA,NA
"Black River Medical Center",NA,NA
"Black River Medical Center",NA,NA
"Black River Medical Center",NA,NA
"Black River Medical Center",NA,NA
"Black River Medical Center",NA,NA
"Black River Medical Center",NA,NA
"Black River Medical Center",NA,NA
"Black River Medical Center",NA,NA
"Black River Medical Center",NA,NA
"Black River Medical Center",NA,NA
"Black River Medical Center",NA,NA
"Black River Medical Center",NA,NA
"Black River Medical Center",NA,NA
"Black River Medical Center",NA,NA
"Black River Medical Center",NA,NA
"Black River Medical Center",NA,NA
"Black River Medical Center",NA,NA
"Black River Medical Center",NA,NA
"Black River Medical Center",NA,NA
"Black River Medical Center",NA,NA
"Black River Medical Center",NA,NA
"Black River Medical Center",NA,NA
"Black River Medical Center",NA,NA
"Black River Medical Center",NA,NA
"Black River Medical Center",NA,NA
"Black River Medical Center",NA,NA
"Black River Medical Center",NA,NA
"Black River Medical Center",NA,NA
"Black River Medical Center",NA,NA
"Black River Medical Center",NA,NA
"Black River Medical Center",NA,NA
"Black River Medical Center",NA,NA
"Black River Medical Center",NA,NA
"Black River Medical Center",NA,NA
"Black River Medical Center",NA,NA
"Black River Medical Center",NA,NA
"Black River Medical Center",NA,NA
"Black River Medical Center",NA,NA
"Black River Medical Center",NA,NA
"Black River Medical Center",NA,NA
"Black River Medical Center",NA,NA
"Black River Medical Center",NA,NA
"Black River Medical Center",NA,NA
"Black River Medical Center",NA,NA
"Black River Medical Center",NA,NA
"Black River Medical Center",NA,NA
"Black River Medical Center",NA,NA
"Black River Medical Center",NA,NA
"Black River Medical Center",NA,NA
"Black River Medical Center",NA,NA
"Black River Medical Center",NA,NA
"Black River Medical Center",NA,NA
"Black River Medical Center",NA,NA
"Black River Medical Center",NA,NA
"Black River Medical Center",NA,NA
"Black River Medical Center",NA,NA
"Black River Medical Center",NA,NA
"Black River Medical Center",NA,NA
"Black River Medical Center",NA,NA
"Black River Medical Center",NA,NA
"Black River Medical Center",NA,NA
"Black River Medical Center",NA,NA
"Black River Medical Center",NA,NA
"Black River Medical Center",NA,NA
"Black River Medical Center",NA,NA
"Black River Medical Center",NA,NA
"Black River Medical Center",NA,NA
"Black River Medical Center",NA,NA
"Black River Medical Center",NA,NA
"Black River Medical Center",NA,NA
"Black River Medical Center",NA,NA
"Black River Medical Center",NA,NA
"Black River Medical Center",NA,NA
"Black River Medical Center",NA,NA
"Black River Medical Center",NA,NA
"Black River Medical Center",NA,NA
"Black River Medical Center",NA,NA
"Black River Medical Center",NA,NA
"Black River Medical Center",NA,NA
"Black River Medical Center",NA,NA
"Black River Medical Center",NA,NA
"Black River Medical Center",NA,NA
"Black River Medical Center",NA,NA
"Black River Medical Center",NA,NA
"Black River Medical Center",NA,NA
"Black River Medical Center",NA,NA
"Black River Medical Center",NA,NA
"Black River Medical Center",NA,NA
"Black River Medical Center",NA,NA
"Black River Medical Center",NA,NA
"Black River Medical Center",NA,NA
"Black River Medical Center",NA,NA
"Black River Medical Center",NA,NA
"Black River Medical Center",NA,NA
"Black River Medical Center",NA,NA
"Black River Medical Center",NA,NA
"Black River Medical Center",NA,NA
"Black River Medical Center",NA,NA
"Black River Medical Center",NA,NA
"Black River Medical Center",NA,NA
"Black River Medical Center",NA,NA
"Black River Medical Center",NA,NA
"Black River Medical Center",NA,NA
"Black River Medical Center",NA,NA
"Black River Medical Center",NA,NA
"Black River Medical Center",NA,NA
"Black River Medical Center",NA,NA
"Black River Medical Center",NA,NA
"Black River Medical Center",NA,NA
"Black River Medical Center",NA,NA
"Black River Medical Center",NA,NA
"Black River Medical Center",NA,NA
"Black River Medical Center",NA,NA
"Black River Medical Center",NA,NA
"Black River Medical Center",NA,NA
"Black River Medical Center",NA,NA
"Black River Medical Center",NA,NA
"Black River Medical Center",NA,NA
"Black River Medical Center",NA,NA
"Black River Medical Center",NA,NA
"Black River Medical Center",NA,NA
"Black River Medical Center",NA,NA
"Black River Medical Center",NA,NA
"Black River Medical Center",NA,NA
"Black River Medical Center",NA,NA
"Black River Medical Center",NA,NA
"Black River Medical Center",NA,NA
"Black River Medical Center",NA,NA
"Black River Medical Center",NA,NA
"Black River Medical Center",NA,NA
"Black River Medical Center",NA,NA
"Black River Medical Center",NA,NA
"Black River Medical Center",NA,NA
"Black River Medical Center",NA,NA
"Black River Medical Center",NA,NA
"Black River Medical Center",NA,NA
"Black River Medical Center",NA,NA
"Black River Medical Center",NA,NA
"Black River Medical Center",NA,NA
"Black River Medical Center",NA,NA
"Black River Medical Center",NA,NA
"Black River Medical Center",NA,NA
"Black River Medical Center",NA,NA
"Black River Medical Center",NA,NA
"Black River Medical Center",NA,NA
"Black River Medical Center",NA,NA
"Black River Medical Center",NA,NA
"Black River Medical Center",NA,NA
"Black River Medical Center",NA,NA
"Black River Medical Center",NA,NA
"Black River Medical Center",NA,NA
"Black River Medical Center",NA,NA
"Black River Medical Center",NA,NA
"Black River Medical Center",NA,NA
"Black River Medical Center",NA,NA
"Black River Medical Center",NA,NA
"Black River Medical Center",NA,NA
"Black River Medical Center",NA,NA
"Black River Medical Center",NA,NA
"Black River Medical Center",NA,NA
"Black River Medical Center",NA,NA
"Black River Medical Center",NA,NA
"Black River Medical Center",NA,NA
"Black River Medical Center",NA,NA
"Black River Medical Center",NA,NA
"Black River Medical Center",NA,NA
"Black River Medical Center",NA,NA
"Black River Medical Center",NA,NA
"Black River Medical Center",NA,NA
"Black River Medical Center",NA,NA
"Black River Medical Center",NA,NA
"Black River Medical Center",NA,NA
"Black River Medical Center",NA,NA
"Black River Medical Center",NA,NA
"Black River Medical Center",NA,NA
"Black River Medical Center",NA,NA
"Black River Medical Center",NA,NA
"Black River Medical Center",NA,NA
"Black River Medical Center",NA,NA
"Black River Medical Center",NA,NA
"Black River Medical Center",NA,NA
"Black River Medical Center",NA,NA
"Black River Medical Center",NA,NA
"Black River Medical Center",NA,NA
"Black River Medical Center",NA,NA
"Black River Medical Center",NA,NA
"Black River Medical Center",NA,NA
"Black River Medical Center",NA,NA
"Black River Medical Center",NA,NA
"Black River Medical Center",NA,NA
"Black River Medical Center",NA,NA
"Black River Medical Center",NA,NA
"Black River Medical Center",NA,NA
"Black River Medical Center",NA,NA
"Black River Medical Center",NA,NA
"Black River Medical Center",NA,NA
"Black River Medical Center",NA,NA
"Black River Medical Center",NA,NA
"Black River Medical Center",NA,NA
"Black River Medical Center",NA,NA
"Black River Medical Center",NA,NA
"Black River Medical Center",NA,NA
"Black River Medical Center",NA,NA
"Black River Medical Center",NA,NA
"Black River Medical Center",NA,NA
"Black River Medical Center",NA,NA
"Black River Medical Center",NA,NA
"Black River Medical Center",NA,NA
"Black River Medical Center",NA,NA
"Black River Medical Center",NA,NA
"Black River Medical Center",NA,NA
"Black River Medical Center",NA,NA
"Black River Medical Center",NA,NA
"Black River Medical Center",NA,NA
"Black River Medical Center",NA,NA
"Black River Medical Center",NA,NA
"Black River Medical Center",NA,NA
"Black River Medical Center",NA,NA
"Black River Medical Center",NA,NA
"Black River Medical Center",NA,NA
"Black River Medical Center",NA,NA
"Black River Medical Center",NA,NA
"Black River Medical Center",NA,NA
"Black River Medical Center",NA,NA
"Black River Medical Center",NA,NA
"Black River Medical Center",NA,NA
"Black River Medical Center",NA,NA
"Black River Medical Center",NA,NA
"Black River Medical Center",NA,NA
"Black River Medical Center",NA,NA
"Black River Medical Center",NA,NA
"Black River Medical Center",NA,NA
"Black River Medical Center",NA,NA
"Black River Medical Center",NA,NA
"Black River Medical Center",NA,NA
"Black River Medical Center",NA,NA
"Black River Medical Center",NA,NA
"Black River Medical Center",NA,NA
"Black River Medical Center",NA,NA
"Black River Medical Center",NA,NA
"Black River Medical Center",NA,NA
"Black River Medical Center",NA,NA
"Black River Medical Center",NA,NA
"Black River Medical Center",NA,NA
"Black River Medical Center",NA,NA
"Black River Medical Center",NA,NA
"Black River Medical Center",NA,NA
"Black River Medical Center",NA,NA
"Black River Medical Center",NA,NA
"Black River Medical Center",NA,NA
"Black River Medical Center",NA,NA
"Black River Medical Center",NA,NA
"Black River Medical Center",NA,NA
"Black River Medical Center",NA,NA
"Black River Medical Center",NA,NA
"Black River Medical Center",NA,NA
"Black River Medical Center",NA,NA
"Black River Medical Center",NA,NA
"Black River Medical Center",NA,NA
"Black River Medical Center",NA,NA
"Black River Medical Center",NA,NA
"Black River Medical Center",NA,NA
"Black River Medical Center",NA,NA
"Black River Medical Center",NA,NA
"Black River Medical Center",NA,NA
"Black River Medical Center",NA,NA
"Black River Medical Center",NA,NA
"Black River Medical Center",NA,NA
"Black River Medical Center",NA,NA
"Black River Medical Center",NA,NA
"Black River Medical Center",NA,NA
"Black River Medical Center",NA,NA
"Black River Medical Center",NA,NA
"Black River Medical Center",NA,NA
"Black River Medical Center",NA,NA
"Black River Medical Center",NA,NA
"Black River Medical Center",NA,NA
"Black River Medical Center",NA,NA
"Black River Medical Center",NA,NA
"Black River Medical Center",NA,NA
"Black River Medical Center",NA,NA
"Black River Medical Center",NA,NA
"Black River Medical Center",NA,NA
"Black River Medical Center",NA,NA
"Black River Medical Center",NA,NA
"Black River Medical Center",NA,NA
"Black River Medical Center",NA,NA
"Black River Medical Center",NA,NA
"Black River Medical Center",NA,NA
"Black River Medical Center",NA,NA
"Black River Medical Center",NA,NA
"Black River Medical Center",NA,NA
"Black River Medical Center",NA,NA
"Black River Medical Center",NA,NA
"Black River Medical Center",NA,NA
"Black River Medical Center",NA,NA
"Black River Medical Center",NA,NA
"Black River Medical Center",NA,NA
"Black River Medical Center",NA,NA
"Black River Medical Center",NA,NA
"Black River Medical Center",NA,NA
"Black River Medical Center",NA,NA
"Black River Medical Center",NA,NA
"Black River Medical Center",NA,NA
"Black River Medical Center",NA,NA
"Black River Medical Center",NA,NA
"Black River Medical Center",NA,NA
"Black River Medical Center",NA,NA
"Black River Medical Center",NA,NA
"Black River Medical Center",NA,NA
"Black River Medical Center",NA,NA
"Black River Medical Center",NA,NA
"Black River Medical Center",NA,NA
"Black River Medical Center",NA,NA
"Black River Medical Center",NA,NA
"Black River Medical Center",NA,NA
"Black River Medical Center",NA,NA
"Black River Medical Center",NA,NA
"Black River Medical Center",NA,NA
"Black River Medical Center",NA,NA
"Black River Medical Center",NA,NA
"Black River Medical Center",NA,NA
"Black River Medical Center",NA,NA
"Black River Medical Center",NA,NA
"Black River Medical Center",NA,NA
"Black River Medical Center",NA,NA
"Black River Medical Center",NA,NA
"Black River Medical Center",NA,NA
"Black River Medical Center",NA,NA
"Black River Medical Center",NA,NA
"Black River Medical Center",NA,NA
"Black River Medical Center",NA,NA
"Black River Medical Center",NA,NA
"Black River Medical Center",NA,NA
"Black River Medical Center",NA,NA
"Black River Medical Center",NA,NA
"Black River Medical Center",NA,NA
"Black River Medical Center",NA,NA
"Black River Medical Center",NA,NA
"Black River Medical Center",NA,NA
"Black River Medical Center",NA,NA
"Black River Medical Center",NA,NA
"Black River Medical Center",NA,NA
"Black River Medical Center",NA,NA
"Black River Medical Center",NA,NA
"Black River Medical Center",NA,NA
"Black River Medical Center",NA,NA
"Black River Medical Center",NA,NA
"Black River Medical Center",NA,NA
"Black River Medical Center",NA,NA
"Black River Medical Center",NA,NA
"Black River Medical Center",NA,NA
"Black River Medical Center",NA,NA
"Black River Medical Center",NA,NA
"Black River Medical Center",NA,NA
"Black River Medical Center",NA,NA
"Black River Medical Center",NA,NA
"Black River Medical Center",NA,NA
"Black River Medical Center",NA,NA
"Black River Medical Center",NA,NA
"Black River Medical Center",NA,NA
"Black River Medical Center",NA,NA
"Black River Medical Center",NA,NA
"Black River Medical Center",NA,NA
"Black River Medical Center",NA,NA
"Black River Medical Center",NA,NA
"Black River Medical Center",NA,NA
"Black River Medical Center",NA,NA
"Black River Medical Center",NA,NA
"Black River Medical Center",NA,NA
"Black River Medical Center",NA,NA
"Black River Medical Center",NA,NA
"Black River Medical Center",NA,NA
"Black River Medical Center",NA,NA
"Black River Medical Center",NA,NA
"Black River Medical Center",NA,NA
"Black River Medical Center",NA,NA
"Black River Medical Center",NA,NA
"Black River Medical Center",NA,NA
"Black River Medical Center",NA,NA
"Black River Medical Center",NA,NA
"Black River Medical Center",NA,NA
"Black River Medical Center",NA,NA
"Black River Medical Center",NA,NA
"Black River Medical Center",NA,NA
"Black River Medical Center",NA,NA
"Black River Medical Center",NA,NA
"Black River Medical Center",NA,NA
"Black River Medical Center",NA,NA
"Black River Medical Center",NA,NA
"Black River Medical Center",NA,NA
"Black River Medical Center",NA,NA
"Black River Medical Center",NA,NA
"Black River Medical Center",NA,NA
"Black River Medical Center",NA,NA
"Black River Medical Center",NA,NA
"Black River Medical Center",NA,NA
"Black River Medical Center",NA,NA
"Black River Medical Center",NA,NA
"Black River Medical Center",NA,NA
"Black River Medical Center",NA,NA
"Black River Medical Center",NA,NA
"Black River Medical Center",NA,NA
"Black River Medical Center",NA,NA
"Black River Medical Center",NA,NA
"Black River Medical Center",NA,NA
"Black River Medical Center",NA,NA
"Black River Medical Center",NA,NA
"Black River Medical Center",NA,NA
"Black River Medical Center",NA,NA
"Black River Medical Center",NA,NA
"Black River Medical Center",NA,NA
"Black River Medical Center",NA,NA
"Black River Medical Center",NA,NA
"Black River Medical Center",NA,NA
"Black River Medical Center",NA,NA
"Black River Medical Center",NA,NA
"Black River Medical Center",NA,NA
"Black River Medical Center",NA,NA
"Black River Medical Center",NA,NA
"Black River Medical Center",NA,NA
"Black River Medical Center",NA,NA
"Black River Medical Center",NA,NA
"Black River Medical Center",NA,NA
"Black River Medical Center",NA,NA
"Black River Medical Center",NA,NA
"Black River Medical Center",NA,NA
"Black River Medical Center",NA,NA
"Black River Medical Center",NA,NA
"Black River Medical Center",NA,NA
"Black River Medical Center",NA,NA
"Black River Medical Center",NA,NA
"Black River Medical Center",NA,NA
"Black River Medical Center",NA,NA
"Black River Medical Center",NA,NA
"Black River Medical Center",NA,NA
"Black River Medical Center",NA,NA
"Black River Medical Center",NA,NA
"Black River Medical Center",NA,NA
"Black River Medical Center",NA,NA
"Black River Medical Center",NA,NA
"Black River Medical Center",NA,NA
"Black River Medical Center",NA,NA
"Black River Medical Center",NA,NA
"Black River Medical Center",NA,NA
"Black River Medical Center",NA,NA
"Black River Medical Center",NA,NA
"Black River Medical Center",NA,NA
"Black River Medical Center",NA,NA
"Black River Medical Center",NA,NA
"Black River Medical Center",NA,NA
"Black River Medical Center",NA,NA
"Black River Medical Center",NA,NA
"Black River Medical Center",NA,NA
"Black River Medical Center",NA,NA
"Black River Medical Center",NA,NA
"Black River Medical Center",NA,NA
"Black River Medical Center",NA,NA
"Black River Medical Center",NA,NA
"Black River Medical Center",NA,NA
"Black River Medical Center",NA,NA
"Black River Medical Center",NA,NA
"Black River Medical Center",NA,NA
"Black River Medical Center",NA,NA
"Black River Medical Center",NA,NA
"Black River Medical Center",NA,NA
"Black River Medical Center",NA,NA
"Black River Medical Center",NA,NA
"Black River Medical Center",NA,NA
"Black River Medical Center",NA,NA
"Black River Medical Center",NA,NA
"Black River Medical Center",NA,NA
"Black River Medical Center",NA,NA
"Black River Medical Center",NA,NA
"Black River Medical Center",NA,NA
"Black River Medical Center",NA,NA
"Black River Medical Center",NA,1.25
"Black River Medical Center",NA,1.25
"Black River Medical Center",NA,1
"Black River Medical Center",NA,1
"Black River Medical Center",NA,41
"Black River Medical Center",NA,38.38
"Black River Medical Center",NA,42
"Black River Medical Center",NA,102
"Black River Medical Center",NA,582.4
"Black River Medical Center",NA,12.1
"Black River Medical Center",NA,14.93
"Black River Medical Center",NA,14.93
"Black River Medical Center",NA,3
"Black River Medical Center",NA,40
"Black River Medical Center",NA,61
"Black River Medical Center",NA,61
"Black River Medical Center",NA,49
"Black River Medical Center",NA,47.97
"Black River Medical Center",NA,84
"Black River Medical Center",NA,22.1
"Black River Medical Center",NA,22
"Black River Medical Center",NA,22
"Black River Medical Center",NA,22
"Black River Medical Center",NA,22
"Black River Medical Center",NA,22
"Black River Medical Center",NA,22
"Black River Medical Center",NA,22
"Black River Medical Center",NA,22
"Black River Medical Center",NA,22
"Black River Medical Center",NA,22
"Black River Medical Center",NA,22
"Black River Medical Center",NA,22
"Black River Medical Center",NA,22
"Black River Medical Center",NA,22
"Black River Medical Center",NA,22
"Black River Medical Center",NA,22
"Black River Medical Center",NA,22
"Black River Medical Center",NA,22
"Black River Medical Center",NA,22
"Black River Medical Center",NA,22
"Black River Medical Center",NA,NA
"Black River Medical Center",NA,NA
"Black River Medical Center",NA,NA
"Black River Medical Center",NA,NA
"Black River Medical Center",NA,NA
"Black River Medical Center",NA,NA
"Black River Medical Center",NA,NA
"Black River Medical Center",NA,NA
"Black River Medical Center",NA,NA
"Black River Medical Center",NA,NA
"Black River Medical Center",NA,NA
"Black River Medical Center",NA,NA
"Black River Medical Center",NA,NA
"Black River Medical Center",NA,NA
"Black River Medical Center",NA,NA
"Black River Medical Center",NA,NA
"Black River Medical Center",NA,NA
"Black River Medical Center",NA,NA
"Black River Medical Center",NA,NA
"Black River Medical Center",NA,NA
"Black River Medical Center",NA,NA
"Black River Medical Center",NA,NA
"Black River Medical Center",NA,NA
"Black River Medical Center",NA,NA
"Black River Medical Center",NA,NA
"Black River Medical Center",NA,NA
"Black River Medical Center",NA,NA
"Black River Medical Center",NA,NA
"Black River Medical Center",NA,NA
"Black River Medical Center",NA,NA
"Black River Medical Center",NA,NA
"Black River Medical Center",NA,NA
"Black River Medical Center",NA,NA
"Black River Medical Center",NA,NA
"Black River Medical Center",NA,NA
"Black River Medical Center",NA,NA
"Black River Medical Center",NA,NA
"Black River Medical Center",NA,NA
"Black River Medical Center",NA,NA
"Black River Medical Center",NA,NA
"Black River Medical Center",NA,NA
"Black River Medical Center",NA,NA
"Black River Medical Center",NA,NA
"Black River Medical Center",NA,NA
"Black River Medical Center",NA,NA
"Black River Medical Center",NA,NA
"Black River Medical Center",NA,NA
"Black River Medical Center",NA,NA
"Black River Medical Center",NA,NA
"Black River Medical Center",NA,NA
"Black River Medical Center",NA,NA
"Black River Medical Center",NA,NA
"Black River Medical Center",NA,NA
"Black River Medical Center",NA,NA
"Black River Medical Center",NA,NA
"Black River Medical Center",NA,NA
"Black River Medical Center",NA,NA
"Black River Medical Center",NA,NA
"Black River Medical Center",NA,NA
"Black River Medical Center",NA,NA
"Black River Medical Center",NA,NA
"Black River Medical Center",NA,NA
"Black River Medical Center",NA,NA
"Black River Medical Center",NA,NA
"Black River Medical Center",NA,NA
"Black River Medical Center",NA,NA
"Black River Medical Center",NA,NA
"Black River Medical Center",NA,NA
"Black River Medical Center",NA,NA
"Black River Medical Center",NA,NA
"Black River Medical Center",NA,NA
"Black River Medical Center",NA,NA
"Black River Medical Center",NA,NA
"Black River Medical Center",NA,NA
"Black River Medical Center",NA,NA
"Black River Medical Center",NA,NA
"Black River Medical Center",NA,NA
"Black River Medical Center",NA,NA
"Black River Medical Center",NA,NA
"Black River Medical Center",NA,NA
"Black River Medical Center",NA,NA
"Black River Medical Center",NA,NA
"Black River Medical Center",NA,NA
"Black River Medical Center",NA,NA
"Black River Medical Center",NA,NA
"Black River Medical Center",NA,NA
"Black River Medical Center",NA,NA
"Black River Medical Center",NA,NA
"Black River Medical Center",NA,NA
"Black River Medical Center",NA,NA
"Black River Medical Center",NA,NA
"Black River Medical Center",NA,NA
"Black River Medical Center",NA,NA
"Black River Medical Center",NA,NA
"Black River Medical Center",NA,NA
"Black River Medical Center",NA,NA
"Black River Medical Center",NA,NA
"Black River Medical Center",NA,NA
"Black River Medical Center",NA,NA
"Black River Medical Center",NA,NA
"Black River Medical Center",NA,NA
"Black River Medical Center",NA,NA
"Black River Medical Center",NA,NA
"Black River Medical Center",NA,NA
"Black River Medical Center",NA,NA
"Black River Medical Center",NA,NA
"Black River Medical Center",NA,NA
"Black River Medical Center",NA,NA
"Black River Medical Center",NA,NA
"Black River Medical Center",NA,NA
"Black River Medical Center",NA,NA
"Black River Medical Center",NA,NA
"Black River Medical Center",NA,NA
"Black River Medical Center",NA,NA
"Black River Medical Center",NA,NA
"Black River Medical Center",NA,NA
"Black River Medical Center",NA,NA
"Black River Medical Center",NA,NA
"Black River Medical Center",NA,NA
"Black River Medical Center",NA,NA
"Black River Medical Center",NA,NA
"Black River Medical Center",NA,NA
"Black River Medical Center",NA,NA
"Black River Medical Center",NA,NA
"Black River Medical Center",NA,NA
"Black River Medical Center",NA,NA
"Black River Medical Center",NA,NA
"Black River Medical Center",NA,NA
"Black River Medical Center",NA,NA
"Black River Medical Center",NA,NA
"Black River Medical Center",NA,NA
"Black River Medical Center",NA,NA
"Black River Medical Center",NA,NA
"Black River Medical Center",NA,NA
"Black River Medical Center",NA,NA
"Black River Medical Center",NA,NA
"Black River Medical Center",NA,NA
"Black River Medical Center",NA,NA
"Black River Medical Center",NA,NA
"Black River Medical Center",NA,NA
"Black River Medical Center",NA,NA
"Black River Medical Center",NA,NA
"Black River Medical Center",NA,NA
"Black River Medical Center",NA,NA
"Black River Medical Center",NA,NA
"Black River Medical Center",NA,NA
"Black River Medical Center",NA,NA
"Black River Medical Center",NA,NA
"Black River Medical Center",NA,NA
"Black River Medical Center",NA,NA
"Black River Medical Center",NA,NA
"Black River Medical Center",NA,NA
"Black River Medical Center",NA,NA
"Black River Medical Center",NA,NA
"Black River Medical Center",NA,NA
"Black River Medical Center",NA,NA
"Black River Medical Center",NA,NA
"Black River Medical Center",NA,NA
"Black River Medical Center",NA,NA
"Black River Medical Center",NA,NA
"Black River Medical Center",NA,NA
"Black River Medical Center",NA,NA
"Black River Medical Center",NA,NA
"Black River Medical Center",NA,NA
"Black River Medical Center",NA,NA
"Black River Medical Center",NA,NA
"Black River Medical Center",NA,NA
"Black River Medical Center",NA,NA
"Black River Medical Center",NA,NA
"Black River Medical Center",NA,NA
"Black River Medical Center",NA,NA
"Black River Medical Center",NA,NA
"Black River Medical Center",NA,NA
"Black River Medical Center",NA,NA
"Black River Medical Center",NA,NA
"Black River Medical Center",NA,NA
"Black River Medical Center",NA,NA
"Black River Medical Center",NA,NA
"Black River Medical Center",NA,NA
"Black River Medical Center",NA,NA
"Black River Medical Center",NA,NA
"Black River Medical Center",NA,NA
"Black River Medical Center",NA,NA
"Black River Medical Center",NA,NA
"Black River Medical Center",NA,NA
"Black River Medical Center",NA,NA
"Black River Medical Center",NA,NA
"Black River Medical Center",NA,NA
"Black River Medical Center",NA,NA
"Black River Medical Center",NA,NA
"Black River Medical Center",NA,NA
"Black River Medical Center",NA,NA
"Black River Medical Center",NA,NA
"Black River Medical Center",NA,NA
"Black River Medical Center",NA,NA
"Black River Medical Center",NA,NA
"Black River Medical Center",NA,NA
"Black River Medical Center",NA,NA
"Black River Medical Center",NA,NA
"Black River Medical Center",NA,NA
"Black River Medical Center",NA,NA
"Black River Medical Center",NA,NA
"Black River Medical Center",NA,NA
"Black River Medical Center",NA,NA
"Black River Medical Center",NA,NA
"Black River Medical Center",NA,NA
"Black River Medical Center",NA,NA
"Black River Medical Center",NA,NA
"Black River Medical Center",NA,NA
"Black River Medical Center",NA,NA
"Black River Medical Center",NA,NA
"Black River Medical Center",NA,NA
"Black River Medical Center",NA,NA
"Black River Medical Center",NA,NA
"Black River Medical Center",NA,NA
"Black River Medical Center",NA,NA
"Black River Medical Center",NA,NA
"Black River Medical Center",NA,NA
"Black River Medical Center",NA,NA
"Black River Medical Center",NA,NA
"Black River Medical Center",NA,NA
"Black River Medical Center",NA,NA
"Black River Medical Center",NA,NA
"Black River Medical Center",NA,NA
"Black River Medical Center",NA,NA
"Black River Medical Center",NA,NA
"Black River Medical Center",NA,NA
"Black River Medical Center",NA,NA
"Black River Medical Center",NA,NA
"Black River Medical Center",NA,NA
"Black River Medical Center",NA,NA
"Black River Medical Center",NA,NA
"Black River Medical Center",NA,NA
"Black River Medical Center",NA,NA
"Black River Medical Center",NA,NA
"Black River Medical Center",NA,NA
"Black River Medical Center",NA,NA
"Black River Medical Center",NA,NA
"Black River Medical Center",NA,NA
"Black River Medical Center",NA,NA
"Black River Medical Center",NA,NA
"Black River Medical Center",NA,NA
"Black River Medical Center",NA,NA
"Black River Medical Center",NA,NA
"Black River Medical Center",NA,NA
"Black River Medical Center",NA,NA
"Black River Medical Center",NA,NA
"Black River Medical Center",NA,NA
"Black River Medical Center",NA,NA
"Black River Medical Center",NA,NA
"Black River Medical Center",NA,NA
"Black River Medical Center",NA,NA
"Black River Medical Center",NA,NA
"Black River Medical Center",NA,NA
"Black River Medical Center",NA,NA
"Black River Medical Center",NA,NA
"Black River Medical Center",NA,NA
"Black River Medical Center",NA,NA
"Black River Medical Center",NA,NA
"Black River Medical Center",NA,NA
"Black River Medical Center",NA,NA
"Black River Medical Center",NA,NA
"Black River Medical Center",NA,NA
"Black River Medical Center",NA,NA
"Black River Medical Center",NA,NA
"Black River Medical Center",NA,NA
"Black River Medical Center",NA,NA
"Black River Medical Center",NA,NA
"Black River Medical Center",NA,NA
"Black River Medical Center",NA,NA
"Black River Medical Center",NA,NA
"Black River Medical Center",NA,NA
"Black River Medical Center",NA,NA
"Black River Medical Center",NA,NA
"Black River Medical Center",NA,NA
"Black River Medical Center",NA,NA
"Black River Medical Center",NA,NA
"Black River Medical Center",NA,NA
"Black River Medical Center",NA,NA
"Black River Medical Center",NA,NA
"Black River Medical Center",NA,NA
"Black River Medical Center",NA,NA
"Black River Medical Center",NA,NA
"Black River Medical Center",NA,NA
"Black River Medical Center",NA,NA
"Black River Medical Center",NA,NA
"Black River Medical Center",NA,NA
"Black River Medical Center",NA,NA
"Black River Medical Center",NA,NA
"Black River Medical Center",NA,NA
"Black River Medical Center",NA,NA
"Black River Medical Center",NA,NA
"Black River Medical Center",NA,NA
"Black River Medical Center",NA,NA
"Black River Medical Center",NA,NA
"Black River Medical Center",NA,NA
"Black River Medical Center",NA,NA
"Black River Medical Center",NA,NA
"Black River Medical Center",NA,NA
"Black River Medical Center",NA,NA
"Black River Medical Center",NA,NA
"Black River Medical Center",NA,NA
"Black River Medical Center",NA,NA
"Black River Medical Center",NA,NA
"Black River Medical Center",NA,NA
"Black River Medical Center",NA,NA
"Black River Medical Center",NA,NA
"Black River Medical Center",NA,NA
"Black River Medical Center",NA,NA
"Black River Medical Center",NA,NA
"Black River Medical Center",NA,NA
"Black River Medical Center",NA,NA
"Black River Medical Center",NA,NA
"Black River Medical Center",NA,NA
"Black River Medical Center",NA,NA
"Black River Medical Center",NA,NA
"Black River Medical Center",NA,NA
"Black River Medical Center",NA,NA
"Black River Medical Center",NA,NA
"Black River Medical Center",NA,NA
"Black River Medical Center",NA,NA
"Black River Medical Center",NA,NA
"Black River Medical Center",NA,NA
"Black River Medical Center",NA,NA
"Black River Medical Center",NA,NA
"Black River Medical Center",NA,NA
"Black River Medical Center",NA,NA
"Black River Medical Center",NA,NA
"Black River Medical Center",NA,NA
"Black River Medical Center",NA,NA
"Black River Medical Center",NA,NA
"Black River Medical Center",NA,NA
"Black River Medical Center",NA,NA
"Black River Medical Center",NA,NA
"Black River Medical Center",NA,NA
"Black River Medical Center",NA,NA
"Black River Medical Center",NA,NA
"Black River Medical Center",NA,NA
"Black River Medical Center",NA,NA
"Black River Medical Center",NA,NA
"Black River Medical Center",NA,NA
"Black River Medical Center",NA,NA
"Black River Medical Center",NA,NA
"Black River Medical Center",NA,NA
"Black River Medical Center",NA,NA
"Black River Medical Center",NA,NA
"Black River Medical Center",NA,NA
"Black River Medical Center",NA,NA
"Black River Medical Center",NA,NA
"Black River Medical Center",NA,NA
"Black River Medical Center",NA,NA
"Black River Medical Center",NA,NA
"Black River Medical Center",NA,NA
"Black River Medical Center",NA,NA
"Black River Medical Center",NA,NA
"Black River Medical Center",NA,NA
"Black River Medical Center",NA,NA
"Black River Medical Center",NA,NA
"Black River Medical Center",NA,NA
"Black River Medical Center",NA,NA
"Black River Medical Center",NA,NA
"Black River Medical Center",NA,NA
"Black River Medical Center",NA,NA
"Black River Medical Center",NA,NA
"Black River Medical Center",NA,NA
"Black River Medical Center",NA,NA
"Black River Medical Center",NA,NA
"Black River Medical Center",NA,NA
"Black River Medical Center",NA,NA
"Black River Medical Center",NA,NA
"Black River Medical Center",NA,NA
"Black River Medical Center",NA,NA
"Black River Medical Center",NA,NA
"Black River Medical Center",NA,NA
"Black River Medical Center",NA,NA
"Black River Medical Center",NA,NA
"Black River Medical Center",NA,NA
"Black River Medical Center",NA,NA
"Black River Medical Center",NA,NA
"Black River Medical Center",NA,NA
"Black River Medical Center",NA,NA
"Black River Medical Center",NA,NA
"Black River Medical Center",NA,NA
"Black River Medical Center",NA,NA
"Black River Medical Center",NA,NA
"Black River Medical Center",NA,NA
"Black River Medical Center",NA,NA
"Black River Medical Center",NA,NA
"Black River Medical Center",NA,NA
"Black River Medical Center",NA,NA
"Black River Medical Center",NA,NA
"Black River Medical Center",NA,NA
"Black River Medical Center",NA,NA
"Black River Medical Center",NA,NA
"Black River Medical Center",NA,NA
"Black River Medical Center",NA,NA
"Black River Medical Center",NA,NA
"Black River Medical Center",NA,NA
"Black River Medical Center",NA,NA
"Black River Medical Center",NA,NA
"Black River Medical Center",NA,NA
"Black River Medical Center",NA,NA
"Black River Medical Center",NA,NA
"Black River Medical Center",NA,NA
"Black River Medical Center",NA,NA
"Black River Medical Center",NA,NA
"Black River Medical Center",NA,NA
"Black River Medical Center",NA,NA
"Black River Medical Center",NA,NA
"Black River Medical Center",NA,NA
"Black River Medical Center",NA,NA
"Black River Medical Center",NA,NA
"Black River Medical Center",NA,NA
"Black River Medical Center",NA,NA
"Black River Medical Center",NA,NA
"Black River Medical Center",NA,NA
"Black River Medical Center",NA,NA
"Black River Medical Center",NA,NA
"Black River Medical Center",NA,NA
"Black River Medical Center",NA,NA
"Black River Medical Center",NA,NA
"Black River Medical Center",NA,NA
"Black River Medical Center",NA,NA
"Black River Medical Center",NA,NA
"Black River Medical Center",NA,NA
"Black River Medical Center",NA,NA
"Black River Medical Center",NA,NA
"Black River Medical Center",NA,NA
"Black River Medical Center",NA,NA
"Black River Medical Center",NA,NA
"Black River Medical Center",NA,NA
"Black River Medical Center",NA,NA
"Black River Medical Center",NA,NA
"Black River Medical Center",NA,NA
"Black River Medical Center",NA,NA
"Black River Medical Center",NA,NA
"Black River Medical Center",NA,NA
"Black River Medical Center",NA,NA
"Black River Medical Center",NA,NA
"Black River Medical Center",NA,NA
"Black River Medical Center",NA,NA
"Black River Medical Center",NA,NA
"Black River Medical Center",NA,NA
"Black River Medical Center",NA,NA
"Black River Medical Center",NA,NA
"Black River Medical Center",NA,NA
"Black River Medical Center",NA,NA
"Black River Medical Center",NA,NA
"Black River Medical Center",NA,NA
"Black River Medical Center",NA,NA
"Black River Medical Center",NA,NA
"Black River Medical Center",NA,NA
"Black River Medical Center",NA,NA
"Black River Medical Center",NA,NA
"Black River Medical Center",NA,NA
"Black River Medical Center",NA,NA
"Black River Medical Center",NA,NA
"Black River Medical Center",NA,NA
"Black River Medical Center",NA,NA
"Black River Medical Center",NA,NA
"Black River Medical Center",NA,NA
"Black River Medical Center",NA,NA
"Black River Medical Center",NA,NA
"Black River Medical Center",NA,NA
"Black River Medical Center",NA,NA
"Black River Medical Center",NA,NA
"Black River Medical Center",NA,NA
"Black River Medical Center",NA,NA
"Black River Medical Center",NA,NA
"Black River Medical Center",NA,NA
"Black River Medical Center",NA,NA
"Black River Medical Center",NA,NA
"Black River Medical Center",NA,NA
"Black River Medical Center",NA,NA
"Black River Medical Center",NA,NA
"Black River Medical Center",NA,NA
"Black River Medical Center",NA,NA
"Black River Medical Center",NA,NA
"Black River Medical Center",NA,NA
"Black River Medical Center",NA,NA
"Black River Medical Center",NA,NA
"Black River Medical Center",NA,NA
"Black River Medical Center",NA,NA
"Black River Medical Center",NA,NA
"Black River Medical Center",NA,NA
"Black River Medical Center",NA,NA
"Black River Medical Center",NA,NA
"Black River Medical Center",NA,NA
"Black River Medical Center",NA,NA
"Black River Medical Center",NA,NA
"Black River Medical Center",NA,NA
"Black River Medical Center",NA,NA
"Black River Medical Center",NA,NA
"Black River Medical Center",NA,NA
"Black River Medical Center",NA,NA
"Black River Medical Center",NA,NA
"Black River Medical Center",NA,NA
"Black River Medical Center",NA,NA
"Black River Medical Center",NA,NA
"Black River Medical Center",NA,NA
"Black River Medical Center",NA,NA
"Black River Medical Center",NA,NA
"Black River Medical Center",NA,NA
"Black River Medical Center",NA,NA
"Black River Medical Center",NA,NA
"Black River Medical Center",NA,NA
"Black River Medical Center",NA,NA
"Black River Medical Center",NA,NA
"Black River Medical Center",NA,NA
"Black River Medical Center",NA,NA
"Black River Medical Center",NA,NA
"Black River Medical Center",NA,NA
"Black River Medical Center",NA,NA
"Black River Medical Center",NA,NA
"Black River Medical Center",NA,NA
"Black River Medical Center",NA,NA
"Black River Medical Center",NA,NA
"Black River Medical Center",NA,NA
"Black River Medical Center",NA,NA
"Black River Medical Center",NA,NA
"Black River Medical Center",NA,NA
"Black River Medical Center",NA,NA
"Black River Medical Center",NA,NA
"Black River Medical Center",NA,NA
"Black River Medical Center",NA,NA
"Black River Medical Center",NA,NA
"Black River Medical Center",NA,NA
"Black River Medical Center",NA,NA
"Black River Medical Center",NA,NA
"Black River Medical Center",NA,NA
"Black River Medical Center",NA,NA
"Black River Medical Center",NA,NA
"Black River Medical Center",NA,NA
"Black River Medical Center",NA,NA
"Black River Medical Center",NA,NA
"Black River Medical Center",NA,NA
"Black River Medical Center",NA,NA
"Black River Medical Center",NA,NA
"Black River Medical Center",NA,NA
"Black River Medical Center",NA,NA
"Black River Medical Center",NA,NA
"Black River Medical Center",NA,NA
"Black River Medical Center",NA,NA
"Black River Medical Center",NA,NA
"Black River Medical Center",NA,NA
"Black River Medical Center",NA,NA
"Black River Medical Center",NA,NA
"Black River Medical Center",NA,NA
"Black River Medical Center",NA,NA
"Black River Medical Center",NA,NA
"Black River Medical Center",NA,NA
"Black River Medical Center",NA,NA
"Black River Medical Center",NA,NA
"Black River Medical Center",NA,NA
"Black River Medical Center",NA,NA
"Black River Medical Center",NA,NA
"Black River Medical Center",NA,NA
"Black River Medical Center",NA,NA
"Black River Medical Center",NA,NA
"Black River Medical Center",NA,NA
"Black River Medical Center",NA,NA
"Black River Medical Center",NA,NA
"Black River Medical Center",NA,NA
"Black River Medical Center",NA,NA
"Black River Medical Center",NA,NA
"Black River Medical Center",NA,NA
"Black River Medical Center",NA,NA
"Black River Medical Center",NA,NA
"Black River Medical Center",NA,NA
"Black River Medical Center",NA,NA
"Black River Medical Center",NA,NA
"Black River Medical Center",NA,NA
"Black River Medical Center",NA,NA
"Black River Medical Center",NA,NA
"Black River Medical Center",NA,NA
"Black River Medical Center",NA,NA
