 Mnemonic,Description, Amount 
796,DELUXE SHOULDER IMMOB (UNIVER), $41.28 
1267,KIT DRESSING TPN-CVP, $104.00 
21620,FIBERGLASS SPLINT 2 IN, $8.00 
21621,FIBERGLASS SPLINT 3 IN, $10.00 
21622,FIBERGLASS SPLINT 4 IN, $11.00 
26073,BREAST BIOPSY PACK, $145.00 
31002,PRIVATE ROOM, $881.00 
31003,ISOLATION ROOM, $985.00 
31005,SWING BED, $530.00 
31006,ISOLATION SWINGBED (ISW), $630.00 
34006,RESPITE ROOM, $615.00 
34012,HOLDING PVT PER HR, $36.00 
34014,TELEHEALTH ROOM CHARGE, $72.00 
34015,OP LEVEL 1 ESTABLISHED PATIENT, $72.00 
34021,OP LEVEL 1 NEW PATIENT, $82.00 
34026,LEVEL 2, $285.00 
34026P,LEVEL 2 W/ PROCEDURE, $285.00 
34027,LEVEL 3, $505.00 
34027P,LEVEL 3 W/ PROCEDURE, $505.00 
34028,LEVEL 4, $845.00 
34028P,LEVEL 4 W/ PROCEDURE, $845.00 
34029,LEVEL 5," $1,246.00 "
34029P,LEVEL 5 W/ PROCEDURE," $1,246.00 "
34030,LEVEL 6 - CRITICAL CARE," $1,713.00 "
34032,INTRAV INFUS INITIAL 31MIN-1HR, $278.00 
34033,INTRAVENOUS INF EA ADD HR, $101.00 
34034,INTRAVENOUS INFUS INITIAL ^1HR, $438.00 
34035,INTRAVENOUS INF EA ADD HR, $129.00 
34036,ADD.SEQUENTIAL INFUSION ^ 1HR, $158.00 
34037,THER/DIAG CONCURRENT INFUSION, $80.00 
34038,THER/DIAG PROPHYLAXIS INJ SUBC, $136.00 
34040,INTRAVENOUS PUSH SINGLE INTIAL, $273.00 
34041,INTRA PUSH SINGLE EA ADD PUSH, $113.00 
34042,IVP ADD.SAME >30 MINS APART, $28.00 
34043,ADMIN IMMUNIZATION BY INJ, $115.00 
34046,INT TMNT; 1ST DEGREE BURN, $324.00 
34048,ABSCESS-SIMPLE INC & DRAIN, $309.00 
34052,LACERATION REPAIR W/DERMABOND, $139.00 
34059,BLADDER SCAN/MSR RESID URINE, $265.00 
34060,INSERT STRAIGHT CATH, $335.00 
34061,INSERT INDWELL FOLEY CATH-SIMP, $335.00 
34062,INSERT INDWELL CATH COMPLEX, $288.00 
34063,GASTRIC LAVAGE/GASTRIC INTUBAT, $474.00 
34067,CARDIOVERSION - EXTERNAL," $1,190.00 "
34068,REMOVAL IMPACTED CERUMEN, $134.00 
34069,NASAL HEMRHG CONTROL PST W/PCK, $330.00 
34071,"NASAL HEMORRHAGE COMPLEX, BIL", $304.00 
34074,INSERT STRT CATH-URINE SPEC, $81.00 
34077,IMMUNIZATION - PNEUMOCOCCAL, $134.00 
34080,CPR/CODE BLUE >= 10 MINS, $603.00 
34085,COLLECT BLOOD/ACCESS PORT, $265.00 
34086,"COLLECT BLOOD/ACCESS PICC, CL", $201.00 
35523,ACCESS CENTRAL VENOUS CIRCUL, $13.25 
35535,ANESTHESIA TECHNICAL/MINUTE, $13.00 
35537,"MOD SEDATION,>5YO,<15 MIN", $170.00 
35538,"MOD SEDATION,>5YO,<15 MIN", $170.00 
35541,"INTRAORAL,INC BIOPSY;NOT SPECI", $13.25 
35543,INTEGUMENTARY-EXTREMITIES, $13.25 
35549,HERNIA REPAIR UPPER ABDOMEN, $13.25 
35550,INTRAPERITONEAL;UPPER ABDOMEN, $13.25 
35551,LOWER ANTERIOR ABDOMINAL WALL, $13.25 
35554,HERNIA REPAIRS-LOWER ABDOMEN, $13.25 
35555,INTRAPERITONEAL;LOWER ABDOMEN, $13.25 
35556,VAGINAL PROCEDURE, $13.25 
35558,"NERVES,MUSCLES,TENDONS,FASCIA", $13.25 
35560,LUMBAR & VENTRAL HERNIAS, $13.25 
35561,"EAR INCLUDING BIOPSY, OTOSCOPY", $13.25 
35562,ANESTHESIA FOR ANORECTAL PROC, $13.25 
35563,TUBAL LIGATION, $13.25 
35565,HYSTEROSCOPE/GRAPH, $13.25 
35566,VAGINAL HYSTERECTOMY, $13.25 
35567,PATCH T.M., $13.25 
35568,ANESTH TYMPANOTOMY, $13.25 
35574,ANESTH LOWER LEG BONE SURGERY, $13.25 
35575,"ANESTH, ARTHROSCOPIC PROC KNEE", $13.25 
35576,"ANESTHESIA, LLEG, ANKLE & FOOT", $13.25 
35577,ANESTHESIA KNEE ARHTROSCOPY, $13.25 
35578,ANESTHESIA FOR EGD & COLON, $13.25 
35579,ANESTHESIA FOR EGD, $13.25 
35580,ANESTHESIA COLON NOS, $13.25 
35581,ANESTESIA SCREENING COLON, $13.25 
35582,ANESTHESIA HEAD/NECK/PTRUNK, $13.25 
35584,ANESTHESIA VENT/INCIS HERNIA, $13.25 
35585,ANESTHESIA SURGERY OF SHOULDER, $13.25 
36011,SLING DISP HOYER YEL MD, $243.00 
38741,CATH FOLEY 16F W UM STATL, $118.00 
40263,#N/A, $210.00 
41003,ALBUMIN, $43.00 
41004,ALKALINE PHOSPHATASE, $52.00 
41005,AMMONIA, $76.00 
41006,AMYLASE (SERUM), $66.00 
41008,ANTIBODY SCREEN, $165.00 
41013,BILIRUBIN DIRECT, $52.00 
41014,BILIRUBIN TOTAL, $52.00 
41016,"BLOOD TYPING, ABO", $165.00 
41017,BUN, $26.00 
41018,CALCIUM, $40.00 
41019,CO2 (BICARBONATE), $35.00 
41023,CBC W/ DIFF, $79.00 
41024,CBC W/OUT DIFF, $76.00 
41025,BODY FLUID CELL COUNT W/ DIFF, $50.00 
41029,BASIC METABOLIC PANEL CALC TL, $107.00 
41031,CHOLESTEROL, $28.00 
41032,COMPREHENSIVE METABOLIC PANEL, $145.00 
41033,RENAL FUNCTION PANEL, $107.00 
41037,"CK, CPK; TOTAL", $58.00 
41038,"CK, CPK; MB FRACTION", $101.00 
41039,CREATININE, $44.00 
41040,CREATININE CLEARANCE, $69.00 
41041,CROSSMATCH PER UNIT, $273.00 
41042,DIFFERENTIAL-MANUAL, $35.00 
41044,ELECTROLYTE NA, $34.00 
41045,ELECTROLYTE K, $28.00 
41047,ELECTROLYTE PANEL, $72.00 
41049,GLUCOSE, $36.00 
41050,GLUCOSE TOLERANCE 3 SPECIMANS, $107.00 
41051,GLUCOSE TOLERANCE EACH ADD'L, $35.00 
41052,GRAM STAIN, $37.00 
41055,HEMATOCRIT, $21.00 
41057,HEMOGLOBIN, $23.00 
41058,VANCOMYCIN RANDOM, $158.00 
41059,IRON, $35.00 
41060,"INFLUENZA TEST, RAPID", $48.00 
41061,KOH FUNGUS PREP, $34.00 
41062,LACTIC ACID, $111.00 
41063,LIPASE, $62.00 
41064,HEPATIC FUNCTION PANEL, $107.00 
41065,LACTATE DEHYDROGENASE (LDH), $52.00 
41066,VALPROIC ACID (DIPROPYLACETIC), $171.00 
41067,MAGNESIUM, $52.00 
41068,MONO TEST, $64.00 
41070,"PHENOBARBITOL, TDM", $101.00 
41071,"PHENYTOIN (DILANTIN), TDM", $93.00 
41072,PHLEBOTOMY, $201.00 
41075,IFOB, $35.00 
41076,PHOSPHORUS, $40.00 
41077,PLATELET COUNT, $30.00 
41078,UCG-PREGNANCY TEST, $66.00 
41079,PROTEIN-TOTAL URINE, $10.00 
41080,PROTEIN-TOTAL SERUM, $39.00 
41081,PROTIME, $44.00 
41082,PTT, $55.00 
41084,B-HYDROXYBUTYRATE, $80.00 
41087,RETICULOCYTE COUNT, $38.00 
41089,"SALICYLATE, TDM", $135.00 
41090,SED. RATE, $40.00 
41091,"ACETAMINOPHEN, TDM", $111.00 
41092,SGOT-AST, $52.00 
41093,SGPT-ALT, $77.00 
41094,TRIGLYCEDRIDES, $28.00 
41096,URIC ACID, $40.00 
41097,UA, $58.00 
41098,URINE STICK & SPECIFIC GRAVITY, $30.00 
41103,ESTRONE, $41.00 
41105,BARTONELLA AB PROFILE (4), $30.00 
41106,"LACTOFERRIN,FECAL QUANT", $266.00 
41108,"MTHFR, DNA ANALYSIS", $198.00 
41111,"CALPROTECTIN, STOOL", $412.00 
41112,17-OH PROGESTERONE, $45.00 
41114,"HIV SCREEN, 4TH GEN W/REFLEX", $288.00 
41115,TPMT PHENOTYPE -ENZYME ACIVITY, $505.00 
41130,RUBEOLA ANTIBODIES IGM, $22.00 
41141,ANTI MULLERIAN HORMONE, $156.00 
41144,PAP-LIQUID BASE, $44.00 
41145,HPV HIGH RISK, $137.00 
41146,HPV LOW RISK, $46.00 
41157,HSV 1/2 PCR, $224.00 
41160,HLA B27, $55.00 
41164,CA 15-3, $44.00 
41167,ANTICARDIOLIPIN AB IGG, $26.00 
41168,ANTICARDIOLIPIN AB IGM, $26.00 
41171,ANTICARDIOLIPIN AB IGA, $26.00 
41179,GI PANEL PCR, $914.00 
41183,APOLIPOPROTEIN A-1, $28.00 
41184,"ALPHA-2 MACROGLOBULINS, QN", $35.00 
41188,SPUTUM CYTOLOGY SERIES, $186.00 
41190,VZV DNA PCR, $456.00 
41193,INFLUZENA A&B NEAR, $175.00 
41194,RSV NEAR, $125.00 
41195,STREP A NEAR, $80.00 
41196,BREAST DISCHARGE CYTOLOGY, $67.00 
41197,WBC WITH AUTO DIFF, $7.00 
41199,VENOUS BLOOD GAS, $103.00 
41203,EBV PCR QUANT, $465.00 
41205,RESP PANEL PCR, $887.00 
41206,"PHENCYCLIDINE,CONFIRM,URINE", $9.00 
41207,"OPIATE, CONFIRM,URINE", $50.00 
41208,"CANNABINOID, CONFIRM,URINE", $50.00 
41209,"BARBITURATE, CONFIRM, URINE", $50.00 
41210,"MDMA, CONFIRM, URINE", $9.00 
41211,"AMPHETAMINES,CONFIRM,URINE", $50.00 
41212,"BENZODIAZEPINE,CONFIRM,URINE", $50.00 
41213,"COCAINE METABOLITE CONFM,URINE", $50.00 
41214,"METHADONE CONFIRM, URINE", $9.00 
41215,OXYCODONE/OXYMORPHONE CONFIRM, $239.00 
41216,TRICYCLIC ANTIDEPRESSANTS, $37.00 
41217,SKELETAL MUSCLE RELAXANT, $207.00 
41219,SMITH ANTIBODIES, $7.00 
41220,ANTICHORMATIN ANTIBODIES, $7.00 
41222,"ALPHA THALASSEMIA,DNA ANALYSIS", $680.00 
41223,CD4:CD8 RATIO, $115.00 
41224,CMV PCR - QUAL, $271.00 
41225,LEPTOSPIRA IGM, $169.00 
41229,A. PHAGOCYTOPHILUM PCR, $252.00 
41230,EHRLICHIA CHAFFEENSIS PCR, $310.00 
41232,FRANCISELLA TULARENSIS IGG, $89.00 
41233,FRANCISELLA TULARENSIS IGM, $89.00 
41235,HCV RNA BY PCR QN RFX GENO, $252.00 
41237,BABESIA MICROTI IGM, $107.50 
41238,BABESIA MICROTI IGG, $107.50 
41240,PHENOTYPE(PI), $29.00 
41242,"SUBCEPTIBILITY, AER + ANAEROB", $30.00 
41243,RBC MAGNESIUM, $88.00 
41244,WORTH COUNTY URINE DRUG SCREEN, $14.00 
41247,PRO BNP, $273.00 
41248,CLOZAPINE, $39.00 
41249,QUANTIFERON-TB GOLD PLUS, $135.00 
41250,HEPARIN ANTI-XA, $258.00 
41252P,DRUG TEST PRSMV CHEM ANLYZR, $9.00 
41253P,AMPHETAMINES 5/MORE, $9.00 
41254P,ANALGESICS NON OPIOID 6/MORE, $9.00 
41255P,ANTIDEPRESSANTS CLASS 6/MORE, $9.00 
41256P,TRICYCLIC&CYCLICALS 6/MORE, $9.00 
41257P,ANTIDEPRESSANT NOT SPECIFIED, $9.00 
41258P,ANTIEPILEPTICS NOS 7/MORE, $9.00 
41259P,ANTIPSYCHOTICS NOS 7/MORE, $9.00 
41260P,DRUG SCREENING BUPRENORPHINE, $9.00 
41261P,DRUG SCREENING FENTANYL, $9.00 
41262P,KETAMINE &  NORKETAMINE, $9.00 
41263P,OPIOID&OPIOD ANALOG 5/MORE, $9.00 
41264P,PREGABALIN, $9.00 
41265P,PROPOXYPHENE, $9.00 
41267P,SEDATIVE HYPNOTICS, $9.00 
41268P,SKEL MUSC RELAXANT 3 OR MORE, $9.00 
41269P,STIMULANTS SYNTHETIC, $9.00 
41270P,TAPENTADOL, $9.00 
41271P,TRAMADOL, $9.00 
41272P,DRUG/SUBSTANCE NOS 7/MORE, $9.00 
42001,BLOOD ADMINISTRATION, $639.00 
42001R,TRANSFUSION BLOOD UP TO 3 HRS, $639.00 
43001,EKG, $169.00 
43002,21 DAY ACT EVENT MONITOR, $-   
43003,STRESS TEST, $519.00 
43004,ECHOCARDIOGRAM W/BUBBLE STUDY," $1,566.00 "
43005,ANKLE BRACHIAL INDICES ADI, $322.00 
43006,CAROTID DOPPLER BILATERIAL, $675.00 
43008,CARDIOLITE TREADMILL," $1,800.00 "
43011,CARDIAC CONSULT LEVEL 1 - EST, $94.00 
43012,CARDIAC CONSULT RM-NEW, $104.00 
43016,STRESS ECHO," $1,566.00 "
43020,ABDOMINAL ARTERIAL DOPPLER LMT, $535.00 
43021,ABDOMINAL ARTERIAL DOPPLER LMT, $675.00 
43025,"ECHOCARDIOGRAPH, LIMITED"," $1,566.00 "
43026,LT EXTREMITY NON-VASCULAR LIMI, $378.00 
43027,RT EXTREMITY NON-VASCULAR LIMI, $378.00 
43028,LT LEG EXTREMITY NON-VASC LIMI, $378.00 
43029,RT LEG EXTREMITY NON-VASC LIMI, $378.00 
43030,BILATERAL BREAST, $701.00 
43031,RIGHT BREAST, $475.00 
43032,LEFT BREAST, $475.00 
43036,LEFT KIDNEY, $534.00 
43039,BILATERAL UPPER EXT ART DUPLEX, $639.00 
43040,RIGHT UPPER EXT ART DUPLEX, $577.00 
43041,LEFT UPPER EXT ART DUPLEX, $577.00 
43042,BILATERAL LOWER EXT ART DUPLEX, $675.00 
43043,RIGHT LOWER EXT ART DUPLEX, $577.00 
43044,LEFT LOWER EXT ART DUPLEX, $577.00 
43045,BILATERAL UPPER EXT VENOUS, $675.00 
43046,RIGHT UPPER EXT VENOUS, $577.00 
43047,LEFT UPPER EXT VENOUS, $577.00 
43048,BILATERAL LOWER EXT VENOUS, $675.00 
43049,RIGHT LOWER EXT VENOUS, $577.00 
43050,LEFT LOWER EXT VENOUS, $577.00 
43051,DOBUTAMINE STRESS ECHO," $1,566.00 "
43053,ABDOMEN RUQ, $577.00 
43055,PYLORUS, $577.00 
43101,TELEMETRY, $134.00 
43301,HOLTER MONITOR/24HR., $538.00 
43302,HOLTER MONITOR 48 HOUR, $556.00 
43502,"BRACE FIT, EACH 15 MIN/ESTABLI", $83.00 
43509,"ELECT STIMULATION, EACH 15 MIN", $69.00 
43510,"THERAPEUTIC EXERCISE, EA 15MIN", $66.00 
43511,WHIRLPOOL THERAPY, $43.00 
43516,"GAIT TRAINING, EACH 15 MIN", $60.00 
43520,INT. CERVICAL TRACT., $77.00 
43521,INT. PELVIC TRACT., $77.00 
43522,MASSAGE, $56.00 
43530,"ULTRASOUND, EACH 15 MIN", $61.00 
43537,EVALUATION, $164.00 
43545,"JOINT MOBILIZATION, EA 15 MIN", $68.00 
43547,"MANUAL TRACTION, EACH 15 MIN", $68.00 
43553,"IONTOPHORESIS, EACH 15 MIN", $71.00 
43557,TENS APPLICATION, $88.00 
43562,NEUROMUSCULAR REEDUCATION, $65.00 
43563,"MYOFASCIAL RELEASE, EA 15 MIN", $68.00 
43564,"THERUPEUTIC ACTIVITY, EA 15MIN", $63.00 
43569,PROSTHETIC TRAINING EACH 15MIN, $66.00 
43573,MOBILITY CURRENT STATUS, $0.01 
43574,MOBILITY GOAL STATUS, $0.01 
43579,CARRY CURRENT STATUS, $0.01 
43580,CARRY GOAL STATUS, $0.01 
43604,EVALUATION, $168.00 
43607,"ELECT STIMULATION, EACH 15 MIN", $69.00 
43609,"ULTRASOUND, EACH 15 MIN", $61.00 
43610,PARAFFIN BATH, $46.00 
43613,"THERAPEUTIC EXERCISE, EA 15MIN", $66.00 
43614,"THERAPEUTIC ACTIVITY, EA 15MIN", $63.00 
43617,"MYOFASCIAL RELEASE, EA 15 MIN", $68.00 
43620,"SELF CARE/HOME MNGMT, EA 15MIN", $62.00 
43627,NEUROMUSCULAR REEDUCATION, $65.00 
43640,RANGE/MOTION MEASUREMENTS/EXTR, $79.00 
43651,BODY POS CURRENT STATUS, $0.01 
43652,BODY POS GOAL STATUS, $0.01 
43653,BODY POS D/C STATUS, $0.01 
43660,OTHER OT CURRENT STATUS, $0.01 
43661,OTHER OT GOAL STATUS, $0.01 
43662,OTHER OT D/C STATUS, $0.01 
43666,"MANUAL THRPY, 1 OR MORE, 15MIN", $66.00 
43680,SWALLOWING EVALUATION, $247.00 
43681,SWALLOWING TREATMENT, $218.00 
43682,SPEECH/LANGUAGE EVALUATION, $217.00 
43683,SPEECH/LANGUAGE TREATMENT, $137.00 
43684,VIDEO SWALLOW STUDY, $268.00 
43686,COGNITIVE EVALUATION PER HOUR, $263.00 
43687,THER IVNTJ W/FOCUS COG FUNCJ, $46.00 
43688,APHASIA ASSESSMENT PER HOUR, $263.00 
43701,SWALLOW CURRENT STATUS, $0.01 
43702,SWALLOW GOAL STATUS, $0.01 
43703,SWALLOW D/C STATUS, $0.01 
43745,PT EVAL- LOW COMPLEXITY, $205.00 
43746,PT EVAL-MODERATE COMPLEXITY, $205.00 
43747,PT EVAL- HIGH COMPLEXITY, $205.00 
43748,OT EVAL - LOW COMPLEXITY, $200.00 
43749,OT EVAL- MODERATE COMPLEXITY, $200.00 
43751,PT RE-EVALUATION, $139.00 
43752,OT RE-EVALUATION, $131.00 
43801,INPATIENT EVALUATION, $115.00 
43803,#N/A, $216.00 
43804,PHASE II MONITORED, $160.00 
43805,PHASE III UNMONITORED, $3.15 
43903,OP EVALUATION/TRAIN, $194.00 
43904,PHASE II MONITORED, $135.00 
43905,PHASE II UNMONITORED, $135.00 
43906,TRAY FOLEY CATH 14 FR W/UM, $118.00 
43907,TRAY FOLEY CATH 18 FR W/UM, $118.00 
44002,"CHEST, SINGLE VIEW", $165.00 
44003,CHEST PA & LAT 2 VIEW, $142.00 
44006,STERNUM; MINIMUM 2 VIEWS, $146.00 
44007,STERNO CLAV JOINT; MIN 3 VIEWS, $143.00 
44013,VIDEORADIOGRAPHY BARIUM SWALLO, $445.00 
44020,K.U.B. ABDOMEN SINGLE VIEW, $143.00 
44021,ABDOMEN; TWO VIEWS, $184.00 
44022,SCOLIOSIS STUDY 2 OR 3 VIEWS, $235.00 
44035,BONE AGE STUDIES, $236.00 
44038,SINUSES; MINIMUM 3 VIEWS, $210.00 
44039,T.M.J.; BILATERAL, $261.00 
44040,MANDIBLE; 4 VIEW MINIMUM, $354.00 
44042,FACIAL BONE MINIMUM 3 VIEWS, $243.00 
44044,"NASAL BONES, MINIMUM 3 VIEWS", $167.00 
44046,FACIAL BONE LESS THAN 3 VIEWS, $152.00 
44047,PELVIS; 1 OR 2 VIEW, $243.00 
44049,C-SPINE 6 OR MORE VIEWS, $550.00 
44050,C-SPINE 4/5-VIEW, $393.00 
44051,"NECK, SOFT TISSUE", $184.00 
44052,"THORACIC SPINE, 3-VIEW", $243.00 
44053,L-S SPINE 5-VIEW, $268.00 
44054,L-S SPINE 2 OR 3 VIEW, $243.00 
44056,SACRUM & COCCYX, $145.00 
44057,SACROILIAC JOINTS; LESS THAN 3, $243.00 
44062,ACROMIOCLAVICULAR JOINTS BILAT, $258.00 
44084,C-SPINE 2/3-VIEWS, $236.00 
44085,"THORACIC, 2-VIEW", $243.00 
44087,"SPINE, SINGLE VIEW", $143.00 
44097,ABDOMEN 3 VIEW W/SINGLE CHEST, $263.00 
44098,RIBS W/ CHEST MIN 4 VIEW BILAT, $269.00 
44137,ORB/FACE/SOFT TIS NK W/&W/OUT," $3,499.00 "
44153,MRI BRAIN W/&W/OUT CONTRAST," $3,133.00 "
44155,MRI BRAIN W/OUT CONTRAST," $2,355.00 "
44156,MRI CERVICAL SPINE W/&W/O CNST," $3,291.00 "
44158,MRI CERVICAL SPINE W/O CNST," $2,233.00 "
44159,MRI THORACIC SPINE W/&W/O CNST," $3,332.00 "
44161,MRI THORACIC SPINE W/O CNST," $2,532.00 "
44162,MRI LUMBAR SPINE W/&W/O CNST," $2,976.00 "
44164,MRI LUMBAR SPINE W/O CONTRAST," $2,513.00 "
44165,MRI PELVIS W/&W/OUT CONTRAST," $3,398.00 "
44167,MRI PELVIS W/OUT CONTRAST," $2,133.00 "
44173,MRI RIGHT HIP W/OUT CONTRAST," $2,127.00 "
44174,MRI LEFT HIP W/&W/O CONTRAST," $3,381.00 "
44176,MRI LEFT HIP W/O CONTRAST," $2,127.00 "
44185,MRI RT KNEE W/OUT CONTRAST," $2,133.00 "
44188,MRI LT KNEE W/OUT CONTRAST," $2,133.00 "
44191,MRI RT TIB-FIB W/OUT CONTRAST," $2,218.00 "
44195,MRI RT ANKLE W/&W/O CONTRAST," $3,381.00 "
44197,MRI RT ANKLE W/O CONTRAST," $2,133.00 "
44198,MRI LT ANKLE W/&W/O CONTRAST," $3,381.00 "
44201,MRI LT ANKLE W/O CONTRAST," $2,133.00 "
44202,MRI RT FOOT W/&W/O CONTRAST," $2,654.00 "
44204,MRI RT FOOT W/O CONTRAST," $2,218.00 "
44205,MRI LT FOOT W/&W/O CONTRAST," $2,654.00 "
44207,MRI LT FOOT W/O CONTRAST," $2,218.00 "
44208,MRI RT SHOULDER W/&W/O CNST," $3,390.00 "
44210,MRI RT SHOULDER W/O CONTRAST," $2,117.00 "
44213,MRI LT SHOULDER W/OUT CONTRAST," $2,117.00 "
44216,MRI RT HUMERUS W/OUT CONTRAST," $2,218.00 "
44222,MRI RT ELBOW W/OUT CONTRAST," $2,117.00 "
44225,MRI LT ELBOW W/O CONTRAST," $2,117.00 "
44234,MRI RT WRIST W/OUT CONTRAST," $2,117.00 "
44237,MRI LT WRIST W/OUT CONTRAST," $2,117.00 "
44238,MRI RT HAND W/&W/OUT CONTRAST," $2,818.00 "
44243,MRI LT HAND W/OUT CONTRAST," $2,218.00 "
44266,LIVER W/ & W/OUT CONTRAST," $3,398.00 "
44302,SKULL 2 VIEW, $243.00 
44304,RIGHT HIP 2 VIEWS, $143.00 
44305,LEFT HIP 2 VIEWS, $143.00 
44306,RIGHT FEMUR 2 VIEW, $145.00 
44307,LEFT FEMUR 2 VIEW, $145.00 
44308,RIGHT KNEE 2 VIEWS, $143.00 
44309,LEFT KNEE 2 VIEWS, $143.00 
44310,RIGHT KNEE 3 VIEWS, $202.00 
44311,LEFT KNEE 3 VIEWS, $202.00 
44312,RIGHT KNEE W/PATELLAR OR TUNNE, $336.00 
44313,LEFT KNEE W/PATELLAR OR TUNNEL, $336.00 
44314,RIGHT TIBIA/FIBULA 2 VIEWS, $167.00 
44315,LEFT TIBIA/FIBULA 2 VIEWS, $167.00 
44316,RIGHT ANKLE 3 VIEWS, $215.00 
44317,LEFT ANKLE 3 VIEWS, $215.00 
44320,RIGHT FOOT 3 VIEWS, $215.00 
44321,LEFT FOOT 3 VIEWS, $215.00 
44322,RIGHT FOOT 2 VIEWS, $143.00 
44323,LEFT FOOT 2 VIEWS, $143.00 
44324,RIGHT SHOULDER 3 VIEWS, $255.00 
44325,LEFT SHOULDER 3 VIEWS, $255.00 
44326,RIGHT SHOULDER 2 VIEWS, $170.00 
44327,LEFT SHOULDER 2 VIEWS, $170.00 
44328,RIGHT HUMERUS 2 VIEWS, $145.00 
44329,LEFT HUMERUS 2 VIEWS, $145.00 
44330,RIGHT ELBOW 3 VIEWS, $143.00 
44331,LEFT ELBOW 3 VIEWS, $143.00 
44332,RIGHT ELBOW 2 VIEWS, $143.00 
44334,RIGHT FOREARM 2 VIEWS, $167.00 
44335,LEFT FOREARM 2 VIEWS, $167.00 
44336,RIGHT WRIST 3 VIEWS, $215.00 
44337,LEFT WRIST 3 VIEWS, $215.00 
44339,LEFT WRIST 2 VIEWS, $143.00 
44340,RIGHT HAND 3 VIEWS, $145.00 
44341,LEFT HAND 3 VIEWS, $145.00 
44342,RIGHT HAND 2 VIEWS, $243.00 
44343,LEFT HAND 2 VIEWS, $243.00 
44344,RIGHT FINGER OR THUMB 3 VIEWS, $143.00 
44345,LEFT FINGER OR THUMB 3 VIEWS, $143.00 
44346,RIGHT TOES, $145.00 
44347,LEFT TOES, $145.00 
44351,DEXA SCAN BONE STUDY, $578.00 
44352,RIGHT HEEL 2 VIEW MIN, $143.00 
44353,LEFT HEEL 2 VIEW MIN, $143.00 
44356,RIGHT RIBS 2 VIEW, $201.00 
44357,LEFT RIBS 2 VIEW, $201.00 
44377,PEDIATRIC RT LOWER EXT 2 VIEW, $167.00 
44378,PEDIATRIC LT LOWER EXT 2 VIEW, $167.00 
44385,FLUORO-GUIDE FOR NEEDLE PLCMNT, $114.00 
44388,CT LEFT FOREARM W/CONTRAST, $552.00 
44392,US GUIDED NEEDLE INJ- PHYS MED, $40.00 
44393,X-RAYS BONE SURVEY COMPLETE, $238.00 
44403,PELVIS COMPLETE; MIN 3 VIEWS, $243.00 
44404,MRI PITUITARY W/WO," $3,133.00 "
44406,MRA NECK W/CONTRAST, $976.00 
44513,BONE SCAN-FULL STUDY," $1,250.00 "
44526,BILIARY/GALLBLADDER TRACT IMG.," $1,250.00 "
44529,GASTRIC EMPTYING," $1,250.00 "
44554,CT LUNG SCREEN, $75.00 
44570,BONE 3 PHASE," $1,250.00 "
44573,LEXISCAN," $4,468.00 "
44601,HEAD/BRAIN W/OUT CONTRAST," $1,575.00 "
44602,HEAD/BRAIN W/CONTRAST," $1,329.00 "
44603,HEAD W/& W/OUT CONTRAST," $1,865.00 "
44605,ORBITS W/CONTRAST," $1,529.00 "
44613,FACIAL BONES W/O CONTRAST," $1,587.00 "
44614,FACIAL BONES W/ CONTRAST," $1,636.00 "
44615,FACIAL BONES W/&W/OUT CONTRAST," $1,808.00 "
44620,NECK SOFT TISSUE W/CONTRAST," $1,506.00 "
44622,CHEST W/OUT CONTRAST," $1,506.00 "
44625,ABDOMEN W/O CONTRAST," $1,350.00 "
44627,ABDOMEN & PELVIS W/ & W/OUT," $3,408.00 "
44628,CHEST W/CONTRAST," $1,643.00 "
44631,CERVICAL SPINE W/O CONTRAST," $1,587.00 "
44634,THORACIC SPINE W/O," $1,643.00 "
44637,LUMBAR SPINE W/O CONTRAST," $1,619.00 "
44638,LUMBAR SPINE W/ CONTRAST," $1,739.00 "
44646,PELVIS W/O CONTRAST," $1,643.00 "
44647,PELVIS W/ CONTRAST," $1,737.00 "
44665,CT THORAX W/ CONTRAST," $2,087.00 "
44674,ABDOMEN & PELVIS W/O CONTRAST," $2,798.00 "
44675,ABDOMEN & PELVIS W/ CONTRAST," $3,125.00 "
44677,CT RIGHT SHOULDER W/O CONTRAST," $1,505.00 "
44680,CT LEFT SHOULDER W/O CONTRAST," $1,505.00 "
44701,ABDOMEN; COMPLETE, $577.00 
44702,ABDOMEN; LIMITED, $577.00 
44704,"RETROPERITONEAL, COMPLETE", $401.00 
44706,OB ^ 14 WKS, $577.00 
44707,PELVIC; COMPLETE, $757.00 
44708,PELVIC; LIMITED OR FOLLOW-UP, $346.00 
44710,THYROID, $353.00 
44711,SOFT TISSUE HEAD/NECK, $353.00 
44717,BLADDER SCAN-NURSING, $257.00 
44720,NON-OB TRANSVAGINAL, $577.00 
44722,NEEDLE GUIDANCE-PARACENTESIS, $117.00 
44724,CHEST, $339.00 
44726,OB< 14 WEEKS, $577.00 
44727,RENAL DOPPLER, $779.00 
44729,SCROTUM & CONTENTS, $375.00 
44731,NEEDLE PLACEMENT-PICC/IV, $73.00 
44734,"SOFT TISSUE ABDOMEN, BACK", $577.00 
44735,LIVER/SPLEEN DUPLEX, $779.00 
44736,OB LIMITED, $288.00 
44737,OB FOLLOW UP, $238.00 
44738,OB TRANSVAGINAL, $361.00 
44745,AAA SCREENING ULTRASOUND, $235.00 
44747,RIGHT CLAVICLE, $145.00 
44748,LEFT CLAVICLE, $145.00 
44750,RIGHT SCAPULA, $145.00 
44751,ABD & PEL W/WO CONT UROGRAPHY," $3,125.00 "
44752,ORBIT 1 VIEW FOREIGN BODY, $129.00 
44802,MAMMO DIAGNOSTIC; BILATERAL, $196.00 
44810,MAMMO SCREENING; BILATERAL, $164.00 
44820,RIGHT MAMMO DIAGNOSTIC, $163.00 
44821,LEFT MAMMO DIAGNOSTIC, $124.00 
44828,MAMMO DIGITAL EXT VIEWS RIGHT, $163.00 
44829,MAMMO DIGITAL EXT VIEWS BILAT, $196.00 
44830,MAMMO DIGITAL EXT VIEWS LEFT, $124.00 
44831,SCREENING MAMMO LEFT, $169.00 
44832,SCREENING MAMMO RIGHT, $169.00 
44833,APPENDIX EXAM US, $577.00 
44835,CT ABD W/WO CONTRAST," $1,650.00 "
44901,CT LEFT HIP W/O CONTRAST," $1,505.00 "
44904,CT RIGHT KNEE W/O CONTRAST," $1,505.00 "
44905,CT RIGHT KNEE W/CONTRAST," $1,696.00 "
44907,CT LEFT KNEE W/O CONTRAST," $1,505.00 "
44913,CT LEFT ANKLE W/O CONTRAST," $1,505.00 "
44916,CT RIGHT FOOT W/O CONTRAST," $1,505.00 "
44917,CT RIGHT FOOT W/CONTRAST," $1,696.00 "
44919,CT LEFT FOOT W/O CONTRAST," $1,505.00 "
44920,CT LEFT FOOT W/ CONTRAST," $1,696.00 "
44923,ACUTE ABDOMEN AND PELVIS W/CNT," $2,664.00 "
44927,RIGHT TIB/FIB W/OUT CONTRAST," $1,097.00 "
44928,RIGHT TIB/FIB W/CONTRAST," $1,288.00 "
44936,ABDOMEN W/OUT-ORAL CNST ONLY," $1,562.00 "
44941,CTA ABD & PELVIS W/CONTRAST," $1,813.00 "
44942,CTA CHEST," $2,087.00 "
44945,IAC W/&W/OUT CONTRAST," $1,736.00 "
45058,AXILLARY LEFT, $378.00 
45059,AXILLARY RIGHT, $378.00 
45062,BREAST BX 1ST LESION LEFT," $3,645.00 "
45063,BREAST BX 1ST LESION RIGHT," $3,645.00 "
45071,SINUSES W/O," $1,587.00 "
45073,SINUSES W/CONTRAST," $1,636.00 "
45074,US AORTA, $577.00 
45077,X-RAY NOSE TO RECTUM, $399.94 
46006,"CANNULA 14""", $3.15 
46007,MASK AEROSOL ADULT, $4.20 
46012,OXYGEN PER 24 HOUR, $75.00 
46013,OXYGEN IN ER, $30.00 
47501,PUL. FUNC. PRE/POST, $510.00 
47504,"PULSE OXIMETRY, MULTIPLE/EXERC", $69.00 
47511,"INTUBATION, ENDOTRACHEAL, ER", $425.00 
48501,ARTERIAL BLOOD GASES, $103.00 
48502,"WEST NILE VIRUS, IGM", $171.00 
48506,O & P COMPLEX STAIN, $48.00 
48507,O & P DIRECT SMEAR, $64.00 
48508,PSA TOTAL, $108.00 
48509,EMPLOYEE HEPATITIS B SURFACE, $-   
48510,"EMPLOYEE RUBELLA, IGG", $-   
48511,DEHYDROEPIANDROSTERONE SULFATE, $163.00 
48512,EHRLICHIOSIS PANEL, $142.00 
48513,ROCKY MTN SPOTTED FEVER IGG, $147.00 
48515,PREALBUMIN, $62.00 
48518,VITAMIN D 25 HYDROXY, $136.00 
48519,"OXCARBAZEPINE, SERUM", $208.00 
48520,#N/A, $116.00 
48526,"ALDOSTERONE, 24 HR URINE", $198.00 
48529,ANTI ENDOMYSIAL ANTIBODY, $73.00 
48532,ANTI-DNA DS ANTIBODY, $10.00 
48536,ANTI-MITOCHONDRIAL ANTIBODY, $81.00 
48537,ANTI NEUTROPHIL CYTOPLASMIC AN, $80.00 
48538,ANTI-RNP, $10.00 
48539,ANTI-STRIATED MUSCLE ANTIBODY, $96.00 
48540,THYROGLOBULIN ANTIBODY, $19.00 
48543,BRUCELLA AB IGM, $30.00 
48551,"CMV ANTIBODY, IGG", $92.00 
48552,"CMV ANTIBODY, IGM", $105.00 
48556,COMPLEMENT C3, $72.00 
48557,COMPLEMENT C4, $72.00 
48562,EMPLOYEE VENIPUNCTURE-DRAWING, $-   
48563,FACTOR V LEIDEN MUTATION, $390.00 
48566,FREE CORTISOL 24 HR URINE, $80.00 
48573,EMPLOYEE MEASLES, $-   
48574,HEPATITIS B CORE ANTIBODY TL, $16.00 
48575,HEPATITIS BE ANTIBODY, $17.00 
48576,HEPATITIS C RNA(DNA PC), $296.00 
48589,LEGIONELLA ANTIBODY, $123.00 
48594,METANEPHRINES 24 HOUR URINE, $167.00 
48595,MICROALBUMIN 24 HR URINE, $74.00 
48597,"MUMPS ANTIBODY, IGG", $100.00 
48598,"MUMPS ANTIBODY, IGM", $100.00 
48599,MYCOPLASM ANTIBODY IGG, $77.00 
48609,PROLACTIN, $108.00 
48610,PROTEIN C FUNCTIONAL, $179.00 
48611,PROTEIN S FUNCTIONAL, $173.00 
48614,RPR, $35.00 
48616,RUBEOLA IGG, $113.00 
48619,SMOOTH MUSCLE ANTIBODY, $81.00 
48622,THYROID PEROXIDASE ANTIBODY, $90.00 
48623,THYROID STIMULATING IMMUNOGLOB, $266.00 
48626,TOTAL PROTEIN 24 HR URINE, $77.00 
48630,TOXOPLASMA ANTIBODY IGG, $84.00 
48631,TOXOPLASMA ANTIBODY IGM, $109.00 
48632,TRANSFERRIN, $61.00 
48643,MYCOPLASMA PNEUEMONIAE IGM, $77.00 
48644,SJOGREN ANTIBODIES SSB, $10.00 
48645,SJOGEN ANTIBODIES SSA, $10.00 
48646,MEASELS, $100.00 
48647,RUBELLA, $110.00 
48648,RUBEOLA, $113.00 
48649,BORDETELLA STAIN & CULTURE, $57.00 
48652,GIARDIA, $62.00 
48660,ROTAVIRUS ANTIGEN, $106.00 
48661,VIRAL CULTURE, $136.00 
48662,WET PREP, $34.00 
48681,"DRUG SCREEN; QUAL, SINGLE CLAS", $22.00 
48682,"COPPER,SERUM", $38.00 
48689,CARBOHYDRATE ANTIGEN 19-9, $147.00 
48690,CANCER ANTIGEN (CA) 25, $146.00 
48692,"ACTH, PLASMA", $245.00 
48693,ESTRADIOL, $138.00 
48695,T PALLIDUM AB (FTA-AB), $11.00 
48697,"C-PEPTIDE, SERUM", $151.00 
48698,"BETA-2 MICROGLOBULIN, SERUM", $136.00 
48702,"C-REACTIVE PROTEIN, CARDIAC", $100.00 
48703,"VIT B1, PLASMA", $129.00 
48705,T-TRANSGLUTAMINASE (TTG) IGA, $106.00 
48706,"H PYLORI STOOL AG, EIA", $168.00 
48707,"TOPIRAMATE, SERUM", $139.00 
48709,"LEVETIRACETAM, S", $206.00 
48714,CADMIUM, $81.00 
48715,EMPLOYEE RUBEOLA, $-   
48727,TGAB +THYRGLOBULIN IMA OR RIA, $19.00 
48728,THYROGLOBULIN, $180.00 
48729,CRYSTAL SYNOVIAL, $47.00 
48734,B PERTUSSIS IGG AB, $107.00 
48736,RUSSELL VIPER VENOM TIME, $128.00 
48737,"PTT SUBSTITUTION, PLASMA", $104.00 
48738,INHIBIN A, $152.00 
48739,ISOENZYMES, $105.00 
48742,PSA FREE, $103.00 
48744,GROUP B STREP CULTURE, $39.00 
48745,DNA PROBE, $130.00 
48752,PROINSULIN, $90.00 
48755,C DIFF CULTURE, $67.00 
48756,HEPATITIS BE ANTIGEN, $15.00 
48757,"CA; TUMOR ANTIGEN, QUANTITATIV", $147.00 
48758,T3 UPTAKE, $57.00 
48760,"BK VIRUS, PCR", $407.00 
48765,ANTI-CCP, $88.00 
48769,ZINC, $89.00 
48770,GENERAL HEALTH PANEL, $276.00 
48771,HEMOGLOBIN SOLUBILITY, $50.00 
48773,ANTITHROMBIN ACTIVITY, $56.00 
48774,ANTI-CARDIOLIPIN ANTIBODIES, $208.00 
48777,MRSA SCREENING CULTURE, $39.00 
48781,EMPLOYEE CHEST PA/LAT 2 VIEW, $-   
48800,"LIGHT CHAINS, KAPPA/LAMBDA", $60.00 
48802,SELECTED CELL PANEL TUBE, $220.00 
48803,PSA ANNUAL SCREENING, $198.00 
48810,"SEROTONIN, SERUM", $305.00 
48813,FACTOR VIII ACTIVITY, $80.00 
48814,FACTOR IX ACTIVITY, $269.00 
48825,NO VP, $-   
48826,VITAMIN A, $117.00 
48829,QUANTIFERON TB GOLD NON INCU, $150.00 
48834,VITAMIN B6, $143.00 
48835,CERULOPLASMIN, $85.00 
48846,HCV RT-PCR QUANT, $252.00 
48848,ANTI HBS, $9.00 
48850,A1-ANTITRYPSIN;TOTAL SERUM, $15.00 
48853,HAPTOGLOBIN, $126.00 
48857,VITAMIN E, $131.00 
48858,ANTIMULLERIAN HORMONE, $91.00 
48862,URINARY ANTIGEN FOR LEGIONELLA, $65.00 
48868,B2 GLYCOPROTEIN IGG, $7.00 
48869,B2 GLYCOPROTEIN IGA, $7.00 
48870,B2 GLYCOPROTEIN IGM, $7.00 
48872,"VITAMIN D1, 25", $219.00 
48875,HEMOGLOBIN ELECTROPHORESIS, $115.00 
48878,"T-4 FREE, BY DIALYSIS", $199.00 
48888,DHEA (DEHYDROEPIANDROSERONE), $180.00 
48889,"NEISSERIA GONORRHOEAE,AMPLIFIE", $306.00 
48890,CHLAMYDIA TRACHOMATIS;AMPLIFIE, $306.00 
48895,"SELECTED CELL SCREEN, TUBE IRL", $116.00 
48901,URINE COLLECTION, $24.00 
48902,HEMOCULT, $25.00 
48909,FRUCTOSAMINE, $68.00 
48911,"TISSUE TRANSGLUTAMINASE AB,IGG", $106.00 
48919,"CHLAMYDIA PSITTACI, IGG", $172.00 
48920,"CHLAMYDIA PSITTACI, IGM", $164.00 
48935,STREPTOCOCCUS PNEUMONIAE AG, $72.00 
48937,"HEREDITARY HEMOCHROMATOSIS,DNA", $118.00 
48939,"PANCREATIC ELASTASE,STOOL", $290.00 
48940,VWF ACTIVITY, $67.00 
48941,VON WILLEBRAND FACTOR AG, $81.00 
50061,ER NEW OR ESTABLISHED LEVEL 1, $130.00 
50062,ER NEW OR ESTABLISHED LEVEL 2, $205.00 
50063,ER NEW OR ESTABLISHED LEVEL 3, $368.00 
50064,ER NEW OR ESTABLISHED LEVEL 4, $557.00 
50065,ER NEW OR ESTABLISHED LEVEL 5, $919.00 
50071,CRITICAL CARE SERVICE 1ST HOUR, $996.00 
50072,CRITICAL CARE SRVC EACH 30 MIN, $424.00 
50204,EST PATIENT LEVEL 5; PSYCH, $283.00 
50209,EST PATIENT LEVEL 4; PSYCH, $211.00 
50233,ADM IMMUN BY INJ 19 YRS+, $115.00 
50234,ADM IMMUN BY INJ 18 YRS<, $70.00 
50235,E/M NEW PT LEVEL 5; PSYCH, $415.00 
50237,OFFICE/OP NEW; PSYCH LEVEL 5, $444.00 
50303,REPAIR LAC 2.5CM/LESS (TRUNK), $294.00 
50304,REPAIR LAC 2.5CM/LESS (FACE), $339.00 
50309,"REMOVAL FB, EXTERNAL EYE", $200.00 
50309R,"REMOVAL FB, EXTERNAL EYE", $258.00 
50310,EAR IRRIGATION, $110.00 
50319,REPAIR SIMPLE 2.6-7.5 SCALPETC, $348.00 
50320,REPAIR LAC 2.6-5.0 CM (FACE), $400.00 
50322,REMOVAL FB EXTR AUDITORY CANEL, $232.00 
50323,APPLY FINGER SPLINT;STATIC, $100.00 
50324,APPLICATION OF LONG ARM SPLINT, $207.00 
50325,APPLICATION-SHRT ARM SPLINT ER, $153.00 
50327,APPLICATION - SHORT LEG SPLINT, $168.00 
50328,INCISION/REMOVAL F/B; SIMPLE, $288.00 
50332,"REMOVAL FOREIGN BODY FOOT,SUBC", $477.00 
50332R,"REMOVAL FOREIGN BODY FOOT,SUBC"," $1,123.00 "
50334,PLACEMENT-CENTRAL LINE, $501.00 
50339,"REPAIR 2.6-7.5 (SCALP,ARM,LEG)", $536.00 
50343,"REPAIR LAYER 2.6-7.5 NECK,HAND", $546.00 
50345R,STRAPPING OF KNEE, $152.00 
50348,INCISION&DRAINAGE ABSCESS;SMPL, $221.00 
50351,REPAIR LAYER 2.6-7.5 SCALP ETC, $567.00 
50353,REMOVAL FOREIGN BD;CORNEAL, $192.00 
50354,REMOVAL FOREIGN BD;INTRANASAL, $427.00 
50354R,REMOVAL FOREIGN BD;INTRANASAL, $283.00 
50358,"REMOVE FB UPPER ARM,ELBW,SUBCU", $385.00 
50359,"REMOVE FB UPPER ARM/ELBOW,SUBC"," $1,250.00 "
50360,REPAIR OF NAIL BED, $747.00 
50399,REPAIR COMPLEX EACH ADD'L 5 CM, $258.00 
50400,INTRAV INFUS INITIAL 31MIN-1HR, $237.00 
50401,INTRAVENOUS INF EA ADD HR, $83.00 
50402,INTRAVENOUS INFUS INITIAL^1 HR, $373.00 
50403,INTRAVENOUS INF EA ADD HR, $107.00 
50404,ADD.SEQUENTIAL INFUSION ^ 1HR, $132.00 
50405,THER/DIAG CONCURRENT INFUSION, $66.00 
50406,THER/DIAG PROPHYLAXIS INJ SUBC, $115.00 
50408,INTRAVENOUS PUSH SINGLE INTIAL, $237.00 
50409,INTRA PUSH SINGLE EA ADD PUSH, $94.00 
50410,IVP ADD.SAME 30 MINS APART, $23.00 
50411,REPAIR LAC 7.6CM TO 12.5 CM, $427.00 
50412,"INTUBATION, ENDOTRACHEAL", $413.00 
50418,CLSD TX DISLCTD SHLDR W/ MANI, $737.00 
50420,INTRAV INFUS INITIAL 31MIN-1HR, $245.00 
50421,INTRAVENOUS INF EA ADD HR, $86.00 
50422,INTRAVENOUS INFUS INITIAL ^1HR, $388.00 
50423,INTAVENOUS INF EA ADD HR, $111.00 
50424,ADD SEQUENTIAL INFUSION ^ 1 HR, $136.00 
50426,THER/DIAG PROPHYLAXIS INJ SUBC, $119.00 
50428,INTRAVENOUS PUSH SINGLE INTIAL, $240.00 
50429,INTRA PUSH SINGLE EA ADD PUSH, $97.00 
50431,IVP ADD. SAME >30 APART, $24.00 
50450,ADMIN IMMUNIZATION BY INJ, $115.00 
50458,E/M OP EST PATIENT LEVEL 2, $82.00 
50459,E/M OP EST PATIENT LEVEL 3, $144.00 
50462,OUTPATIENT LEVEL 2 ESTABLISHED, $98.00 
50463,OUTPATIENT LEVEL 3 ESTABLISHED, $116.00 
50464,OUTPATIENT LEVEL 4 ESTABLISHED, $167.00 
50465,"NERVE BLOCK, PERIPHERAL/BRANCH", $229.00 
50465R,"NERVE BLOCK, PERIPHERAL/BRANCH", $942.00 
50467,INJECTION TENDON LIGAMENT, $453.00 
50475,INT TMNT;1ST DEGREE BURN, $216.00 
50476,"REPAIR LAYER ^2.5 FACE, ETC", $484.00 
50477,REPAIR OF NAIL BED, $510.00 
50484,INCISION/DRAINAGE LEG OR ANKLE," $1,369.00 "
50485,"REPAIR LAYER ^2.5"" NECK, ETC", $453.00 
50487,REPAIR LAYER 7.6-12.5 SCALPETC, $575.00 
50502,"INJ, MAJOR JNT, W/O US GUIDE", $453.00 
50506R,THORACENTESIS," $1,236.00 "
50511,CLSD TX NURSEMAID ELBOW MANIPU, $343.00 
50515,INJ;PLANTAR DIGITAL NERVE, $453.00 
50532,"INJECTION TENDON,SINGLE/INSERT", $511.00 
50536,PYSCH DIAG EVAL W/MED SERVICES, $294.00 
50566,INJ FORAMEN EPIDURAL L/S," $1,621.00 "
50567,INJ FORAMEN EPIDURL ADD ON, $133.00 
50576,DRAIN/INJECT JOINT/BURSA MAJOR, $421.00 
50577,INJ TRIGGER POINT 1/2 MUSCL, $421.00 
50578,INJECT TRIGGER POINTS3/>, $421.00 
50579,INJEC SACROILIAC JOINT," $1,197.00 "
50586,INJ PARAVERT F JNT L/S 1 LEV," $1,621.00 "
50587,INJ PARAVERT F JNT L/S 2 LEV, $136.00 
50588,INJ PARAVERT F JNT L/S 3 LEV, $138.00 
50590,TYMPANOMETRY, $66.00 
50593,CREATE EARDRUM OPENING," $2,820.00 "
50594,TONSILS AND ADENOIDS < 12YRS," $4,547.00 "
50597,CHEMICAL CAUTERY TISSUE OP, $370.00 
50602,MOD SED;EACH ADD 15 MIN >5 YRS, $100.00 
50602R,MOD SED;EACH ADD 15 MIN >5 YRS, $100.00 
50603R,CHG CYSTOSTOMY TUBE;COMPLICATE," $1,145.00 "
50604,TREAT RADIUS FX, $483.00 
50604R,TREAT RADIUS FX, $416.00 
50605,CL TX FX GT PHALANX(S) WO MANI, $266.00 
50605R,CL TX FX GT PHALANX(S) WO MANI, $448.00 
50606,DRAIN/INJ JOINT/BURSA W/O US, $510.00 
50607,INTMD RPR N-HF/GENIT 7.6-12.5, $384.00 
50607R,INTMD RPR N-HF/GENIT 7.6-12.5," $1,017.00 "
51001,"REMOVAL FOREIGN BODY, EAR", $283.00 
51002,DEBRIDEMENT MASTOID CAVITY, $211.00 
51003,REMOVAL IMPACTED CERUMEN, $129.00 
51007,PATCH T.M.," $4,532.00 "
51010,"CONTROL HEMORRHAGE, NOSE", $283.00 
51014,NASOPHARYNGOSCOPY, $206.00 
51015,NASAL ENDOSCOPY, $361.00 
51017,"LARYNGOSCOPY, FLEX, DIAGNOSTIC", $361.00 
51018,SKIN BIOPSY, $484.00 
51033,REMOVAL OF VENTILATING TUBE," $3,198.00 "
51037,COLONOSCOPY W LESION REMOVAL," $1,994.00 "
51039,"BIOPSY, VESTIBULE OF MOUTH", $918.00 
51050,EGD GUIDE WIRE INSERTION," $1,601.00 "
51051,EGD REMOVE LESION SNARE," $2,286.00 "
51053,N BLOCK INJ TRIGEMINAL, $240.00 
51053R,N BLOCK INJ TRIGEMINAL, $453.00 
51056,ABD PARACENTESIS W IMAGING," $1,036.00 "
51059R,DRESS/DEBRID P THICK BURN SM, $314.00 
51066,REPAIR I/HERN INIT REDUC  >5YR," $5,606.00 "
51068,FX-APPL SHORT LEG SPLINT, $258.00 
51069,FX-APPL OF FINGER SPLINT, $89.00 
51071,FX-APPL SHORT ARM SPLINT, $206.00 
51073,"COLLECT BLOOD/ACCESS PICC, CL", $201.00 
51074,INSERT OF TEMP BLADDER CATH, $196.00 
51076,EGD W/BALLOON DILATION <30MM," $2,335.00 "
51083,#N/A, $37.00 
51087,COLONSCOPY SUBMUCOUS INJ," $1,616.00 "
51094,COLLECT BLOOD/ACCESS PORT, $265.00 
51096,REMOVAL OF PICC, $947.00 
51101,OUTPATIENT LEVEL 5 ESTABLISHED, $185.00 
51102,IRRIG DRUG DELIVERY DEVICE, $122.00 
51103,INSERT STRAIGHT CATHETER, $215.00 
51111,POST OP FOLLOW UP VISIT, $-   
51112,INCIS & DRAIN ABSCESS;SIMPLE, $403.00 
51113,TONSILS AND ADENOIDS > 12YRS," $4,547.00 "
51115,TONSILLECTOMY > 12 YRS OLD," $4,547.00 "
51116,ADENOIDECTOMY < 12 YRS," $4,547.00 "
51149,INSERTION OF PICC > 5YRS OLD," $1,927.00 "
51150,"CLNSCPY, FLEX, PROX SPLEN W/AB"," $1,859.00 "
51151,"CLNSCPY, FLEX, PROX SPLEN W/BX"," $1,859.00 "
51152,"COLONOSCOPY, FLEX, PROX TO SPL"," $1,859.00 "
51153,UPPER GI ENDOSCOPY W/ BX," $1,692.00 "
51154,UPPER GI ENDOSCOPY," $1,692.00 "
51161,"SCREEN COLONOSCOPY, NO RISK"," $1,633.00 "
51166,AVULS NAIL PLATE;PAR/COMP;SING, $372.00 
51193,EXC BNGN LESION <=.5CM T/A/L, $814.00 
51195,EXC BNGN LESION 1.1-2CM T/A/L," $1,035.00 "
51201,EX BNGN LESION 2.1-3CM SP/ETC," $2,893.00 "
51223,UPPER GI ENDOSCOPY W/ ABL PLYP," $2,557.00 "
51225,REMOVE IUD, $551.00 
51235,DRAINAGE OF GUM LESION, $505.00 
51244,LAPAROSCOPY TUBAL CAUTERY," $9,264.00 "
51245,DIAGNOSTIC SIGMOIDOSCOPY," $1,246.00 "
51253,"LAPAROSCOPY, SURG W/ OOPHORECT"," $8,245.00 "
51254,"NUTR THRPY,INIT ASSESS 15/MIN", $70.00 
51255,"NUTRITION THRPY,REASSES 15/MIN", $55.00 
51256,INSERTION OF PICC>5YRS OLD," $1,669.00 "
51257,"CARDIOVERSION, ELECTRICAL"," $1,535.00 "
51259,COLONOSCOPY W/ EMR (RESECTION)," $1,883.00 "
51260,INJECT/INTERLAMINAR LMBR/SACRL," $1,089.00 "
51261,HYSTEROSCOPY BIOPSY W/ D/C," $4,477.00 "
51265,"INJXTN, INTRALAM CERV/THORACIC"," $1,088.00 "
51267,COLONOSCOPY W/ CNTROL BLEEDING," $1,371.00 "
51268,EGD WITH CONTROL BLEEDING," $2,780.00 "
51272,COLONOSCOPY THROUGH STOMA W/BX," $1,828.00 "
51274,REMOVAL OF OVARIAN CYST," $5,140.00 "
51280,COLONOSCOPY THRU STOMA W/SNARE," $1,828.00 "
51281,TOPAZ COBLATION PROCEDURE," $1,000.00 "
51332,VAG HYSTERECTOMY UTERUS 250G <," $8,250.00 "
51334,LAPAROSCOPIC CHOLECYSTECTOMY," $9,263.00 "
51339,CARPAL TUNNEL SURGERY," $3,495.00 "
51346,48 HOUR HOLTER MONITOR PLUS, $205.00 
51349,"REPAIR LIP, FULL THICKNESS", $574.00 
51349R,"REPAIR LIP, FULL THICKNESS", $922.00 
51363,I&D ABSC; COMPL OR MULTI, $648.00 
51364,CHG CYSTOSTOMY TUBE;COMPLICATE," $1,178.00 "
51365,EXC NECK LES SC 3CM >," $4,477.00 "
51366,REMOVE INT/EXT HEM 1 GROUP," $4,516.00 "
51367,RPR UMBIL HERN BLOCK 5+ YR," $6,065.00 "
51368,EXC ARM/ELBOW LES SC 3 CM/>," $4,843.00 "
51369,BX OF BREAST; OPEN INCISIONAL," $5,207.00 "
51370,REMOVE PILONIDAL CYST; EXTENS," $4,843.00 "
51392,REMOVE DRUG IMPLANT DEVICE, $549.00 
51393,REPAIR VENTRAL HERNIA," $5,964.00 "
51394,OTOLARYNGOLOGIC EXAM W/ANESTH, $922.00 
51395,INJ:TRIGGER POINT 1/2 MUSCL, $481.00 
51396,INJ; TRIGGER POINTS 3>, $481.00 
51399,HYSTEROSCOPY ABLATION," $7,939.00 "
51400,HERNIA REPAIR W/MESH," $1,000.00 "
51401,BIOPSY/REMOVAL LYMPH NODE," $5,683.00 "
51402,INSERT TUNNELED CV CATH 5YRS>," $5,193.00 "
51403,LAP INC HERN REPAIR COMP," $15,824.00 "
52002,DRAIN BLADDER W/ CATH INSERTIO," $2,042.00 "
52003,"ARTHROSCOPY,KNEE MD OR LAT MEN"," $5,145.00 "
52005,ARTHROSCOPY W/MESISC (MED/LAT)," $5,150.00 "
52008,"ARTHROSCOPY, KNEE, DEBRIDE,"," $5,150.00 "
52009,"ARTHROSCOPY, KNEE"," $5,150.00 "
52010,EGD DILATION STRICTURE," $2,863.00 "
52011,PELVIC EXAM UNDER ANESTHESIA," $4,256.00 "
52082R,REPAIR LAYER 2.6-7.5 SCALP ETC, $556.00 
52083R,"REPAIR LAYER ^2.5CM FACE, ETC", $556.00 
52084R,"RPR LAYER 7.6-12.5 SCALP,ETC", $639.00 
52086R,REPAIR SIMPLE LACERATION ^2.5, $278.00 
52087R,REPAIR SIMPLE LAC^2.5 FACE ET, $283.00 
52089R,REPAIR SIMPLE 2.6-7.5 SCALPETC, $283.00 
52090R,REPAIR SIMPLE LAC 2.6-5.0 FAC, $361.00 
52091R,RPR S/N/AXL/GEN/TRNK7.6-12.5CM, $242.00 
52210E,LAB-PROTHROMBIN TIME, $9.00 
52210S,LAB-PROTHROMBIN TIME, $9.00 
52215E,LAB-VENIPUNCTURE, $9.00 
52226,SKIN BIOPSY, $371.00 
52229,"NAIL DEBRIDEMENT, 1-5", $134.00 
52230,"NAILS, DEBRIDEMENT 6 OR MORE", $134.00 
52231,"AVULSION OF NAIL PLATE, SINGLE", $371.00 
52234,BIOPSY NAIL UNIT, $956.00 
52235,TRIM SKIN LESION, $248.00 
52241,CHANGE CYSTOSTOMY TUBE;SIMPLE, $250.00 
52243,EXC TR-EXT B9 >4.0CM," $2,576.00 "
52513R,FX-APPL OF FINGER SPLINT, $134.00 
56691R,FX-APPL SHORT ARM SPLINT, $335.00 
56698R,"REPAIR 2.6-7.5 (SCALP,ARM,LEG)", $922.00 
56699R,REPAIR COMPLEX EACH ADD'L 5 CM, $176.00 
56786R,FOREIGN BODY - INCISION/REMOVA, $721.00 
56809R,FX-APPL SHORT LEG SPLINT, $324.00 
56833R,REMOVE FOREIGN BODY EAR, $252.00 
56836R,"REPAIR INTER NECK,HAND 2.6-7.5", $556.00 
56845G,ELECTROCARDIOGRAM;TRACING ONLY, $46.00 
56845H,ELECTROCARDIOGRAM;TRACING ONLY, $46.00 
56845S,ELECTROCARDIOGRAM;TRACING ONLY, $46.00 
56846R,CLOSED REDUCT MANIP SHOULDER, $541.00 
56874R,FX-APPL LONG ARM SPLINT, $324.00 
56915R,"REPAIR, INTMD, N-HF 2.5CM/<", $578.00 
56953R,DRAINAGE OF GUM LESION, $471.00 
57179E,LAB-RAPID RSV, $29.00 
62003E,OFFICE ESTABLISHED LEVEL 3, $57.00 
62004E,OFFICE ESTABLISHED LEVEL 4, $86.00 
72003E,OFFICE ESTABLISHED LEVEL 3, $68.00 
72004E,OFFICE ESTABLISHED LEVEL 4, $103.00 
99999,NO CHARGE FACILITY, $-   
320003,ADAPTIC DRESSING, $33.00 
320014,SUPPORT ANKLE AIR RIGHT, $100.00 
320020,SLING ARM INFANT, $39.00 
320027,BAG-URINARY LEG, $14.00 
320053,RIGID C COLLAR INFANT, $101.00 
320066,COLD PACK SYSTEM, $331.00 
320079,CATHETER PLUG, $3.15 
320082,CATHETER TRAY 14 FR, $106.00 
320083,CENTRAL V PRESS TRAY, $264.00 
320087,CLEAN CATCH KIT, $10.00 
320090,ONE PIECE DRAINABLE POUCH, $16.00 
320098,CRUTCH REGULAR ADULT, $56.00 
320102,DERMA BOND, $99.00 
320107,DEXTR-STIX & MONITOR, $21.00 
320110,DISPOSABLE COLDPACK, $19.00 
320120,SCALPEL SIZE 10, $5.25 
320125,SUCTION, $49.00 
320133,ENEMA BUCKET DISP., $13.00 
320136,EYE PAD, $3.15 
320151,GAUZE 4 X 4 TUB, $10.00 
320166,HEMOCULT, $14.00 
320184,INSTRUMENT (SINGLE), $8.00 
320186,IRRIGATION TRAY, $23.00 
320195,LUBRICANT, $10.00 
320196,KERLIX BANDAGE, $23.00 
320198,KLING GAUZE 1 INCH, $39.00 
320200,KNEE IMMOBILIZER 12 INCH, $152.00 
320201,KNEE SUPPORT OPEN PATELLA SMAL, $42.00 
320208,PATIENT LIFT MEDIUM, $108.00 
320273,#N/A, $152.00 
320277,SKIN STAPLER, $116.00 
320284,COCK UP SPLINT LEFT X-SMALL, $113.00 
320291,SPONGES 4X4, $2.10 
320297,STERI STRIPS 1/8 INCH, $10.00 
320300,STERILE NORM. SALINE, $23.00 
320309,SATIN SLIP STYLET 6 FR PED, $15.00 
320311,CANISTER 1200 ML, $23.00 
320315,SUCTION TUBING 6 FT, $8.00 
320316,SURGICAL CLIPPER BLADES, $31.00 
320317,ABDOMINAL PAD 5X9, $3.15 
320325,SYRINGE 20 ML LUER LOK, $3.15 
320330,T-PADS, $73.00 
320331,K PAD, $46.00 
320333,FREEDOM THUMB KEEPER LEFT SMAL, $102.00 
320334,TELFA 3x4 INCH, $3.15 
320353,TUBE CONNECTION, $12.00 
320356,TUBE HOLDER, $18.00 
320366,URINARY DISP. BAG, $28.00 
320368,URINARY STRAINER, $10.00 
320373,VASELINE GAUZE 3X9, $8.00 
320375,WALL SUCTION, $49.00 
320379,WHIRLPOOL, $43.00 
320381,YANKAUER SUCTION TIP, $12.00 
320383,XEROFORM OVERWRAP 1X8, $10.00 
320397,STOPCOCK, $6.30 
320410,CATH TRAY STRAIGHT, $52.00 
320446,"TUR IRRIGATION 4,000", $36.00 
320447,FOLEY IRRIGATION CATH 3-WAY, $48.00 
320465,TUR IRRIGATION SET, $24.00 
320498,4 X4 GAUZE PAD  (TOPPER), $1.00 
320512,SURGICAL SHOE MENS SMALL, $28.00 
320516,VAGINAL SPECULA SMALL, $10.00 
320543,PCA PUMP, $73.00 
320546,AMBU BAG INFANT, $124.00 
320550,COBAN 1  INCH, $6.30 
320552,FEEDING PUMP SUPPLIES, $55.00 
320563,BETADINE SWABS, $3.15 
320588,BARIATRIC BED/MATTRESS RENTAL, $190.00 
320621,EYE PATCH, $18.00 
320630,PROMISE PANTY, $6.30 
320632,MASTISOL ADHESIVE, $6.30 
320647,BETADINE SOL 4 OZ, $6.30 
320660,HUBER INFUSION SET, $33.00 
320675,KIN AIR MATTRESS OVERLAY, $190.00 
320680,WOUND V.A.C. CARE RENTAL, $214.00 
320705,NOSE CLIP, $2.10 
320706,STAT CO2 DETECTOR, $56.00 
320711,PICC-LINE, $235.00 
320721,DERMA BOND PEN, $132.00 
320729,AQUACEL, $61.00 
320731,GASTROCULT SLIDE, $5.25 
320733,"WRIST SUPPORT 6"" PED RIGHT", $31.00 
320739,OPSITE POST OP, $1.05 
320740,OPSITE 2X2 FLEXIGRID, $1.05 
320741,OPSITE 4X4 FLEXIGRID, $2.10 
320745,ALLEVYN FOAM 4X4, $11.00 
320750,LACERATION TRAY, $81.00 
320757,PEDIATRIC SUCTION CATH KIT, $4.20 
320770,"ACE WRAP 2"" NON-STERILE", $2.10 
320771,"ACE WRAP 3"" NON-STERILE", $3.15 
320772,"ACE WRAP 4"" NON-STERILE", $3.15 
320773,"ACE WRAP 6"" NON STERILE", $4.20 
320777,14 FR SUCTION CATH KIT, $4.20 
320781,BIOPSY PUNCH 2MM, $13.00 
320784,URINE METER, $24.00 
320785,"SUPER KNEE IMMOBILIZER 24"" SM", $61.00 
320788,HOT PACK, $12.00 
320796,MULTI FUNCTION DEFIB PAD ADULT, $130.00 
320800,FULL BIPAP MASK SMALL, $100.00 
320801,BI PAP PATIENT CIRCUIT(TUBING), $36.00 
320833,IV 500 ML D5, $66.00 
320834,IV 1000 ML D5 LR, $66.00 
320836,IV 1000 ML D 10W, $66.00 
320843,IV 3000 ML NACL, $54.39 
320851,IV 500 ML STERILE H20 BOTTLE, $66.00 
320859,ADAPTIC DRESSING 3X16, $6.30 
320876,CURVED IRIS SCISSORS, $11.00 
320877,"ALLIGATOR FORCEPS 3 1/2""", $58.00 
320878,CURVED MOSQUITO HEMOSTATS, $13.00 
320881,SHARP/BLUNT SCISSORS, $13.00 
320883,TENACULUM FORCEP, $31.00 
320885,BURN SHEET DISPOSABLE, $13.00 
320886,FOERSTER FORCEP, $29.00 
320890,BIG STICK SUCTION TIPS, $5.25 
320891,EZ IO PEDIATRIC, $338.00 
320895,EPISTAZIS CATHETER, $192.00 
320900,SCISSORS BLUNT LONG, $20.00 
320906,TEGADERM HYDROCOLLOID SACRAL, $23.00 
320907,TEGADERM HYDROCOLLOID OVAL, $12.00 
320910,KNEE BRACE HINGED SMALL, $150.00 
320918,STRAIGHT IRIS SCISSOR, $11.00 
320920,TEGADERM FOAM OVAL 2 3/4 X 3, $9.00 
320921,"WEBSTER 5"" NEEDLE HOLDER", $21.00 
320925,LUCAE/BAYONET FORCEP, $13.00 
320929,"TEGARERM FOAM OVAL 4""", $15.00 
320938,SLEEVE COMPRESSION CALF, $210.00 
320949,INTRALIPID 20% FAT EMULSION, $66.00 
320952,ANESTHESIA & BIPAP FILTER, $8.00 
320953,"CANNULA 7""", $3.15 
320954,CANNULA PEDIATRIC, $3.15 
320955,MASK AEROSOL PEDIATRIC, $2.10 
320956,MASK SIMPLE ADULT, $2.10 
320957,MASK SIMPLE PEDIATRIC, $2.10 
320959,MASK NONREBREATHER ADULT, $4.20 
320960,MASK VENTURI ADULT, $4.20 
320962,SUPPORT ANKLE AIR LEFT, $59.00 
320963,ARM BOARD PREEMIE, $36.00 
320964,SLING ARM CHILD, $39.00 
320965,SLING ARM SMALL, $39.00 
320966,SLING ARM MEDIUM, $39.00 
320967,SLING ARM LARGE, $39.00 
320968,SLING ARM EXTRA LARGE, $39.00 
320971,STRAP CLAVICLE LARGE, $21.00 
320975,PORT ACCESS TRAY, $23.00 
320976,CENTRAL LINE DRESSING KIT, $23.00 
320978,POWER LOC SAFETY INFUSION SET, $90.00 
320984,CATHETER TRAY 16 FR, $53.00 
320985,CATHETER TRAY 18 FR, $53.00 
321003,CRUTCH TALL ADULT, $56.00 
321024,SCAPEL SIZE 11, $5.25 
321045,TED HOSE KNEE LTH LONG XLRG, $12.00 
321046,TED HOSE KNEE LTH LONG MEDIUM, $12.00 
321055,TED HOSE THIGH LTH SHORT LRG, $22.00 
321059,KLING GAUZE 2 INCH, $39.00 
321060,KLING GAUZE 3 INCH, $39.00 
321061,KLING GAUZE 4 INCH, $39.00 
321062,KLING GAUZE 6 INCH, $39.00 
321063,KNEE IMMOBILIZER 17 INCH, $76.00 
321064,KNEE IMMOBILIZER 20 INCH, $76.00 
321065,KNEE IMMOBILIZER 24 INCH, $76.00 
321068,KNEE SUPPORT OPEN PATELLA MED, $23.00 
321069,KNEE SUPPORT OPEN PATELLA XLRG, $23.00 
321070,KNEE SUPPORT OPEN PATELLA XXLG, $23.00 
321072,KNEE SUPPORT CLSD PATELLA LRG, $20.00 
321074,KNEE SUPPORT CLSD PATELLA XXLG, $20.00 
321076,PATIENT LIFT LARGE, $243.00 
321077,PATIENT LIFT EXTRA LARGE, $108.00 
321084,MOON BOOT ANKLE LTH LARGE, $152.00 
321086,COCK UP SPLINT LEFT SMALL, $113.00 
321092,COCK UP SPLINT RIGHT MEDIUM, $113.00 
321093,COCK UP SPLINT RIGHT LARGE, $113.00 
321095,FROG FINGER SPLINT MEDIUM, $3.15 
321096,FROG FINGER SPLINT LARGE, $3.15 
321097,STERI STRIPS 1/4 INCH, $2.10 
321098,STERI STRIPS 1/2 INCH, $3.15 
321100,ABDOMINAL PAD 8X10, $3.15 
321108,TELFA OUCHLESS 2X3 INCH, $1.05 
321109,TELFA 8X3 INCH, $1.05 
321110,XEROFORM 5X9, $2.10 
321119,SURGICAL SHOE MENS MEDIUM, $29.00 
321123,SURGICAL SHOE WOMENS MEDIUM, $29.00 
321125,VAGINAL SPECULA MEDIUM, $4.20 
321128,AMBU BAG ADULT, $83.00 
321129,COBAN 2 INCH, $3.15 
321130,COBAN 3 INCH, $4.20 
321131,COBAN 4 INCH, $5.25 
321146,SUPER KNEE IMMOBILIZER 24 LG, $61.00 
321151,SALEM SUMP W/REFLEX 14FR, $15.00 
321153,SALEM SUMP W/REFLEX VALVE 18FR, $15.00 
321159,UNNA BOOT/GELOCAST 4 INCH, $25.00 
321163,LARYNGOSCOPE BLADE MAC4 ADULT, $21.00 
321165,LARYNGOSCOPE BLADE MILLER 1, $21.00 
321184,FULL BIPAP MASK MEDIUM, $150.00 
321185,FULL BIPAP MASK LARGE, $150.00 
321205,SUCTION TUBING 10 FT, $2.10 
321206,SHOULDER IMMOBILIZER MEDIUM, $36.00 
321207,SHOULDER IMMOBILIZER LARGE, $36.00 
321217,WRIST FOREARM SUP 10.5 LT XLG, $41.00 
321218,WRIST SUP 6  IN PEDIATRIC LT, $31.00 
321224,RIGID C COLLAR SHORT ADULT, $101.00 
321225,RIGID C COLLAR REGULAR ADULT, $238.00 
321242,BIPAP NEBULIZER, $6.30 
321243,CATHETER FOLEY PED 10FR 3CC, $13.00 
321244,CATHETER FOLEY SILVER 12FR 5CC, $36.00 
321247,CATHETER FOLEY SILVER 18FR 5CC, $36.00 
321253,CATHETER FOLEY SILVER 22FR30CC, $37.00 
321262,NASOPHARYNGEAL AIRWAY 30FR, $15.00 
321276,WRIST SUP THUMB LT MED/LG, $78.00 
321279,FEEDING TUBE 15 IN LONG 8 FR, $2.10 
321313,SUTURE CHROMIC GUT 4-0 PS-4, $49.00 
321314,SUTURE CHROMIC GUT 4-0 SH, $13.00 
321318,SUTURE ETHILON 2-0 FS, $13.00 
321319,SUTURE ETHILON 3-0 FS-1, $13.00 
321322,SUTURE ETHILON 4-0 FS-2, $13.00 
321325,SUTURE ETHION 4-0 PC-1, $49.00 
321326,SUTURE ETHILON 5-0 FS-2, $13.00 
321327,SUTURE ETHILON 5-0 PC-1, $49.00 
321328,SUTURE ETHILON 6-0 PC-1, $49.00 
321329,SUTURE ETHILON 6-0 PC-3, $49.00 
321350,SUTURE PROLENE 4-0 P-3, $49.00 
321354,SUTURE PROLENE 6-0 P-3, $49.00 
321369,SUTURE SILK 4-0 RB-1, $13.00 
321392,SUTURE VICRYL 5-0 PC-1, $49.00 
321395,STRAP CLAVICLE SMALL, $21.00 
321399,HYPAFIX 6 INCH, $26.00 
321433,DUAL PULL CRISS CROSS XLARGE, $63.00 
321492,APPLICATOR SCOPETTE JR, $5.25 
321493,DRESSING AQUACEL 4X4 AG, $12.00 
321510,BLADE SURGICAL SIZE 10, $1.05 
321648,DRESSING WOUND VEIL, $2.10 
321678,DRESSING AQUACEL ROPE, $64.00 
321738,CATHETER FOLEY 16 FR 5CC COUDE, $49.00 
321740,CATHETER FOLEY 20 FR 5CC COUDE, $49.00 
321749,BLADE SURGICAL SIZE 11, $1.05 
321757,BLADE CLIPPER FACE DISP, $8.00 
321760,PAD STERILE CAST 4 IN, $13.00 
321788,LINER CANISTER, $4.20 
321789,BLADE KING VISION CHANNELED, $85.00 
321828,NEBULIZER PEDIATRIC PACIFIER, $20.00 
321851,BRACE ANKLE UNIVERSAL, $38.00 
321852,SUPPORT KNEE HINGED XXL, $150.00 
321874,TELFA ISLAND 4 X 14, $4.20 
321898,POUCH ONE PIECE W/ FILTER, $28.00 
321901,EZ IO DRESSING STABILIZER, $105.00 
321909,LEFT BLACK SPICA, $27.00 
321910,RIGHT BLACK SPICA, $27.00 
321912,ANKLE WALKER MAXTRAX LG, $170.00 
321913,ANKLE WALKER MAXTRAX MED, $170.00 
321914,ANKLE WALKER MAXTRAX SM, $170.00 
321916,VENT KIT, $160.00 
321918,GEL SOLOSITE WOUND, $44.00 
321920,CLEANSER DERMAL WOUND, $35.00 
321922,FULL BIPAP MASK LARGE, $149.00 
321923,FULL BIPAP MASK MEDIUM, $149.00 
321924,FULL BIPAP MASK SMALL, $149.00 
321925,HANDLE LARYNGOSCOPE, $72.00 
321927,ACAPELLA CHOICE NS, $315.00 
321929,QUICKFIT WRIST II UNIV RT, $70.00 
321930,QUICKFIT WRIST II UNIV LT, $70.00 
321931,QUICKFIT WRIST II UNIV XL LT, $70.00 
321932,QUICKFIT WRIST II UNIV XL RT, $70.00 
321938,BRACE EXOS FORM L/XL 51-61, $624.00 
321947,POS OP SHOE SOFT ADJ HEEL MS, $12.00 
321948,UNIVERSAL SHOULDER IMMOBILIZER, $41.00 
321949,BED ALARM PAD, $84.00 
321950,ADAPTER PED/ADULT AIRWAY, $57.00 
321951,CHAIR PAD ALARM, $70.00 
321952,HEEL BOOT PETITE, $201.00 
321953,HEEL BOOT REGULAR, $240.00 
321955,CHEST TUBE INSERTION KIT, $218.00 
321956,UNDERPAD, $37.00 
321959,NASAL POSTERIAL PACKING, $149.00 
321960,NASAL STAXISTAT PACKING, $44.00 
321961,PORT DRESSING TRAY, $31.00 
321962,TEGADERM PORT DRESSING, $40.00 
321964,KNEE BRACE XXXXL, $94.00 
321966,BRACE BACK LSO S/M, $606.00 
321968,FULL BODY SLING COMMODE INSERT, $275.00 
321969,ADULT/PED ZOLL CIRCUIT, $55.00 
321970,PWR LOC SAFETY INF SET 19X1, $40.00 
321971,PWR LOC SAFETY INF SET 19X1.5, $45.00 
321972,CHAIR CUSHION, $132.00 
321973,UNDERWEAR 2XL, $47.00 
321974,DRESSING TRIACT SILVER, $51.00 
321976,AQUACEL AG 5X5, $44.00 
410100,URINE (MICRO ONLY), $25.00 
410101,WBC, $23.00 
410103,SPERM COUNT (POST VAC), $81.00 
410107,"THEOPHYLLINE, TDM", $93.00 
410108,"OSMOLALITY, BLOOD", $46.00 
410109,"CARBAMAZEPINE, TDM", $109.00 
410110,"DIGOXIN, TDM", $79.00 
410118,VENIPUNCTURE - DRAWING, $12.00 
410119,C. DIFF PANEL, $99.00 
410123,TROPONIN, $159.00 
410125,BNP-BTYPE NATRIURETIC PEPTIDE, $119.00 
410128,PRE WASH OR WARM WASH, $56.00 
410133,"CREATININE, URINE", $47.00 
410135,"SODIUM, URINE", $24.00 
410136,"POTASSIUM, URINE", $24.00 
410137,"CHLORIDE, URINE", $24.00 
410138,"OSMOLARITY, URINE", $52.00 
410141,"ALCOHOL,ANYSPECIMAN,EXC.BREATH", $93.00 
410142,"CALCIUM, IONIZED", $82.00 
410502,AFB SMEAR, $28.00 
410506,B 12, $111.00 
410507,CEA, $129.00 
410510,"CULTURE,EXCPT URINE BLOOD STOO", $52.00 
410513,LYME TITER, $129.00 
410514,ANA WITH REFLEX, $89.00 
410516,FOLATE SERUM, $90.00 
410518,FUNGUS CULTURE, $47.00 
410519,GAMMA GLOBULINS, $119.00 
410520,"HGB A1,C", $57.00 
410521,PERPH. STUDIES/PATH., $87.00 
410522,IRON BINDING CAPACITY (TIBC), $74.00 
410523,IMMUNO ELECTROPHORESIS, $165.00 
410524,"LITHIUM, TDM", $61.00 
410525,METANEPHRINES, $167.00 
410530,ANTIBODY TITRATION, $239.00 
410531,"RUBELLA,IGG", $62.00 
410533,SENSITIVITIES, $40.00 
410534,PROTEIN ELECTRO SERUM, $85.00 
410536,STONE ANALYSIS, $113.00 
410537,T3, $98.00 
410539,THYROID STIMULATIN HORMO (TSH), $90.00 
410542,VMA 24 HOUR URINE, $26.00 
410543,T-4 (RIA)  THYROXINE, $60.00 
410547,LIPID PANEL, $82.00 
410548,CRP, $46.00 
410551,"CULTURE, STOOL", $58.00 
410553,"CULTURE, BLOOD, BACTERIAL", $69.00 
410554,RA, $10.00 
410560,PROTEIN ELECTRO URINE, $10.00 
410561,A S O TITER, $65.00 
410562,"IMMUNOGLOBULIN E, IGE", $72.00 
410564,ANTI D NASE B, $116.00 
410566,PARA THYROID HORMONE INTACT, $201.00 
410568,SEROLOGY RPR, $35.00 
410573,HEPATITIS B SURFACE ANTIBODY, $90.00 
410574,FERRITIN, $85.00 
410575,"CULTURE, URINE", $53.00 
410577,"TACROLIMUS, TDM", $173.00 
410578,"DRUG TEST, URINE--COC", $90.00 
410581,D-DIMER, $84.00 
410586,"NEURONTIN, TDM", $115.00 
410588,"ALBUMIN, URINE MICRO, QUANTATI", $74.00 
410590,"ALPHA-FETOPROTEIN,SERUM", $103.00 
410591,ANGIOTENSIN I, $122.00 
410593,"CARBON MONOXIDE, QUAN CARB/HEM", $103.00 
410597,CORTISOL, $100.00 
410598,ERYTHROPOEITIN, $200.00 
410600,"FAT OR LIPIDS, FECES, QUALITAT", $95.00 
410602,FOLIC ACID; RBC, $115.00 
410605,"GLUTAMYLTRANSFERASE, GAMMA(GGT", $31.00 
410606,LUTEINIZING HORMO, $110.00 
410609,HOMOCYSTINE, $130.00 
410611,5-HYDROXYINDOLACETIC ACID, $26.00 
410612,INSULIN, $10.00 
410613,LEAD, $8.00 
410614,"LEUKOCYTE ALKALINE, PHOSPHATAS", $96.00 
410616,"T-4, FREE", $66.00 
410617,"T-3, FREE", $90.00 
410618,"EPSTEIN-BARR, EARLY ANTIGEN", $101.00 
410619,"EPSTEIN-BARR, NUCLEAR ANTIGEN", $88.00 
410620,"EPSTEIN-BARR, VIRAL CAPSID", $104.00 
410623,HCG QUANTITATIVE-BETA, $104.00 
410626,HEPATITIS A ANTIBODY IGM, $110.00 
410627,HEPATITIS B CORE ANTIBODY IGM, $13.00 
410628,HEPATITIS B SURFACE ANTIGEN, $9.00 
410629,HEPATITIS C VIRUS ANTIBODY, $14.00 
410634,SUBS ABUSE PANEL, $59.00 
410635,2 HOUR POST PRANDIAL GLUCOSE, $38.00 
410636,WBC ON STOOL-LEUKOCYTE, $28.00 
410637,"HCG, SERUM QUALITATIVE", $66.00 
410707,HEPATITIS PANEL, $295.00 
410708,AMIODARONE  (CORDARONE), $115.00 
410709,LUTEINIZING HORMONE (LH), $110.00 
410710,FOLLICLE STIMULATING HORMONE, $119.00 
410711,ESTROGEN; TOTAL, $190.00 
410712,TESTOSTERONE; TOTAL, $146.00 
410713,VARICELLA ZOSTER ANTI. IGG, $130.00 
410714,VARICELLA ZOSTER ANTI. IGM, $130.00 
410716,WEST NILE VIRUS IGG, $171.00 
410719,"H. PYLORI, IGA", $126.00 
410720,"H. PYLORI, IGG", $126.00 
410721,"H. PYLORI, IGM", $126.00 
410722,VANCOMYCIN TROUGH, $137.00 
410723,LAMICTAL, $115.00 
410724,RENIN ACTIVITY, $169.00 
410726,ANAEROBIC CULTURE, $67.00 
410727,TESTOSTERONE FREE, $259.00 
410728,PROGESTERONE, $121.00 
410729,LEUKOCYTE REDUCED RED BLOOD, $505.00 
410732,"CULTURE, AFB", $100.00 
410733,PREP, $45.00 
410734,CATECHOLAMINES URINE FRACTION, $46.00 
410736,ARSENIC, $141.00 
410737,STOOL, $36.00 
410738,STOOL: SALMONELLA & SHIGELLA, $72.00 
410739,MERCURY, $137.00 
410740,IMMUNO ELECTRO IGA, $69.00 
410741,IMMUNO ELECTRO IGG, $69.00 
410742,IMMUNO ELECTRO IGM, $69.00 
410753,EMPLOYEE ANNUAL LABS, $-   
410756,CYTOPATHOLOGY, $43.00 
410766,VIMPAT, $208.00 
410767,NOROVIRUS, $180.00 
410768,PEGNENOLONE, $156.00 
410782,EMPLOYEE VARICELLA ZOSTER IgG, $-   
410783,ETHOSUXIMIDE (ZARONTIN) SERIUM, $19.00 
430998,"ECHOCARDIOGRAM, COMPLETE"," $1,566.00 "
436004,EVAL SPEECH/SOUND PRODUCTION, $113.00 
436005,EVAL SPEECH/SOUND W/EVAL COMP, $134.00 
440223,FLUORO GUIDANCE OF NEEDLE, $246.00 
440449,BILT HIP MIN 2V EA W/AP PEL, $451.00 
444246,MRA HEAD W/OUT CONTRAST," $1,529.00 "
444249,MRA NECK W W/O CONTRAST," $1,584.00 "
444264,MRI IAC-INTER AUDITORY W/&W/O," $2,726.00 "
444265,ABDOMEN W/OUT CNST MRCP," $1,500.00 "
444663,CTA HEAD W/CONTRAST," $1,492.00 "
444664,CTA OF NECK W/CONTRAST," $2,092.00 "
444668,CTA ABDOMEN W/CNST(AORTA)," $1,813.00 "
448907,ALLERGEN SPECIFIC IGE, $52.00 
448918,"HEPATITIS A, TOTAL", $88.00 
448928,DRUG SCREEN QLT MUTLI CLASS, $36.00 
448929,DRG SCRN QUANT BENZODIAZEPINES, $93.00 
448930,DRG SCRN QUANT AMPHETAMINES, $227.00 
448931,DRG SCRN QUNT COCAINE, $175.00 
448932,DRG SCRN QUANT METHADONE, $19.00 
448944,"INFLUENZA A&B, REAL TIME PCR", $296.00 
448947,B PERTUSSIS/PARAPERTUSSIS PCR, $118.00 
465002,AEROSOL TREATMENT, $240.00 
465017,SUCTIONING, $15.00 
465019,CHEST PHYSIOTHERAPY-G5-INITIAL, $196.00 
465020,CHEST PHYSIOTHERAPY-G5-SUBSEQ, $124.00 
465034,OXIMETRY PROBES, $76.00 
465038,BIPAP NONINVASIVE VENTILATION, $412.00 
465040,HOME OXYGEN QUALIFICATION, $155.00 
465112,VIBRATORY THRPY-ACAPELLA INITI, $196.00 
465113,VIBRATORY THRPY-ACAPELLA SUBSE, $124.00 
3586,BRACE BACK TLSO LG, $873.00 
4500003,(ALDACTONE)SPIRONOLACTONE 25MG, $5.00 
4500008,RAMIPRIL 5 MG CAP (ALTACE), $5.00 
4500009,RAMIPRIL 2.5 MG CAP(ALTACE), $5.00 
4500011,ASPIRIN 325MG, $0.25 
4500014,(AMOXIL)AMOXICILLIN 250MG CAP, $5.00 
4500017,AMBIEN 5MG TAB, $5.00 
4500018,(AMARYL) GLIMEPIRIDE 2MG TAB, $5.00 
4500020,MECLIZENE 25 MG TAB (ANTIVERT), $5.00 
4500021,NAPROXEN SOD 220MG TAB(ALEVE), $1.27 
4500023,(APRESOLINE)HYDRALAZINE 25MG, $5.00 
4500025,ACCUPRIL 5MG (QUINAPRIL), $1.55 
4500026,ARICEPT 5 MG, $5.00 
4500030,CARVEDILOL 3.125MG TAB(COREG), $5.00 
4500031,ASPIRIN 81 MG, $0.25 
4500032,CALCIUM CARBONATE 500MG CHEW, $0.25 
4500036,(ATIVAN)LORAZEPAM 0.5MG TAB, $5.00 
4500038,(AUGMENTIN)AMOX/CLAV 500MG TAB, $5.00 
4500042,(BENADRYL)DIPHENDYDRAMINE 25MG, $0.25 
4500044,ASPIRIN 325MG TAB, $0.25 
4500049,(BUMEX) BUMETANIDE 1MG TAB, $5.00 
4500054,DILTIAZEM CD 120 MG CAP, $5.00 
4500056,(CARDIZEM CD)DILTIAZEM CD 180, $5.00 
4500061,(CARAFATE)SUCRALFATE 1 GM TAB, $5.00 
4500062,CATAPRESS 0.1 MG (SUB), $5.00 
4500064,CELEXA 20MG, $5.00 
4500065,(CIPRO)CIPROFLOXACIN 500MG TAB, $5.00 
4500068,CELEBREX 200MG, $5.00 
4500070,(BETAPACE) SOTALOL 80MG TAB, $5.00 
4500071,CEFUROXIONE 25OMG TAB(CEFXIN), $5.00 
4500072,ASPIRIN 81 MG CHEW TAB, $0.25 
4500075,(COLACE)DOCUSATE SOD 100MG CAP, $0.25 
4500076,LORATADINE 10 MG TAB(CLARITION, $0.40 
4500079,HYDROCODINE 7.5/325MG TAB, $5.00 
4500081,(CORDARONE)AMIODARONE 200MG TB, $5.00 
4500083,COREG 6.25 MG, $1.00 
4500084,COREG 12MG TAB, $5.00 
4500089,COUMADIN 1MG, $5.00 
4500090,COUMADIN 2MG, $5.00 
4500091,COUMADIN 2.5MG, $5.00 
4500092,COUMADIN 5MG, $5.00 
4500093,COUMADIN 7.5MG, $5.00 
4500096,COZAAR 25 MG TAB, $5.00 
4500097,DILANDID 2 MG TAB, $5.00 
4500100,TRAZADONE 100MG TAB (DESYREL), $5.00 
4500109,(DEMADEX) TORSEMEDE 20MG TAB, $5.00 
4500111,(DEMADEX) TORSEMEDE 100MG TAB, $5.00 
4500114,GLYBURIDE 5MG TAB (DIABETA), $5.00 
4500119,FLUCONAZOLE 100MG TAB, $5.00 
4500121,DIOVAN 80MG TAB, $5.00 
4500123,DILANTIN 100 MG CAP, $5.00 
4500140,TRIAMTERINE/HCTZ 37.5/25, $5.00 
4500146,AMITRIPTYLINE 25MG TAB(ELAVIL), $5.00 
4500153,FIBER TABLET 625 MG, $0.25 
4500154,FISH OIL 500 MG CAP, $0.25 
4500157,GLIPIZIDE 5MG TAB (GLUCOTROL), $5.00 
4500160,FERROUS SULFATE 325 MG TAB, $0.25 
4500162,(FOLIC ACID) 1MG TAB, $5.00 
4500164,CYCLOBENZAPRINE 10 MG TAB, $5.00 
4500165,TAMSULOSIN .4MG CAP(FLOMAX), $5.00 
4500167,GLUCATROL XL 5MG  (SUB), $5.00 
4500168,METFORMIN 500MG TB(GLUCOPHAGE), $5.00 
4500169,GLIPIZIDE XL 2.5 MG TAB, $5.00 
4500175,HALOPERIDOL 1 MG TAB (HALDOL), $5.00 
4500178,GUAIFENESIN LA 600 MG TAB, $1.36 
4500179,HCTZ 25 MG TAB (HYDRODIURIL), $5.00 
4500183,(IMDUR)ISOSORBIDE MONO ER 30MG, $5.00 
4500184,(IMDUR)ISOSORBEDE MONO ER 6OMG, $5.00 
4500199,ISOSORBIDE 10 MG TAB (ISORDIL), $1.37 
4500202,CLONAZEPAM 0.5MG TAB(KLONAPIN), $5.00 
4500204,GEMFIBROZIL 600 MG TAB(LOPID), $5.00 
4500207,DIGITECK 0.125 MG TAB(LANOXIN), $5.00 
4500208,DIGITECK 0.25 MG TAB (LANOXIN), $5.00 
4500209,FUROSEMIDE 20 MG TAB (LASIX), $5.00 
4500210,FUROSEMIDE 40 MG TAB (LASIX), $5.00 
4500211,FUROSEMIDE 80 MG TAB (LASIX), $1.49 
4500213,ATORVASTATIN 10MG TAB, $5.00 
4500214,LEXAPRO 10MG, $5.00 
4500215,LEVAQUIN 250MG TAB, $5.00 
4500216,(LOPRESSOR)METOPROLOL 25MG TAB, $5.00 
4500219,DIPHENOX ATR TAB (LOMOTIL), $5.00 
4500220,METOPROLOL 50MG TAB(LOPRESSOR), $5.00 
4500223,BENAZEPRIL 10 MG TAB (LOTENSIN, $5.00 
4500224,MAG OX 400 MG (MAGNESIUM OXIDE, $0.25 
4500226,LYRICA 50 MG, $15.32 
4500227,(MACROBID)NITROF MACRO 100MG, $5.56 
4500230,METHYLPREDNISOLONE 4MG DSPK, $47.16 
4500232,LOVASTATIN 20MG (MEVACOR), $5.00 
4500236,POTASSIUM CHLORIDE 20 MEQ, $5.00 
4500238,POTASSIUM CHL 10MEQ TAB, $5.00 
4500242,MEPHYTON 5 MG TAB, $112.00 
4500246,IBUPROFEN (MOTRIN) 400 MG TAB, $5.00 
4500247,IBUPROFEN (MOTRIN) 600 MG TAB, $5.00 
4500249,SIMETHICONE 80MG TAB(MYLICON), $0.25 
4500251,MUCINEX DM TAB, $0.76 
4500259,(NEURONTIN) GABAPENTIN 600 MG, $-   
4500262,GABAPENTIN 100 MG CAP, $5.00 
4500263,GABAPENTIN 300 MG CAP, $5.00 
4500266,POLYSACCHARIDE 150 CAP, $5.00 
4500268,NITROQUIK 0.4 MG SL (NTG), $5.00 
4500269,NAMENDA 10 MG, $5.00 
4500270,PANTOPRAZALE D.R. TAB(PROTONIX, $5.00 
4500271,NEXIUM 40 MG CAP, $19.00 
4500272,OYST-CAL D 500 MG (OS-CAL + D), $0.25 
4500274,AMLODIPINE 5MG (NORVASC), $5.00 
4500275,PROSITE TAB (OCUVITE), $0.25 
4500278,OXYCONTIN CR 10MG TABS, $5.94 
4500280,OXYCODONE 5 MG TAB, $5.00 
4500281,PAROXETINE 20 MG TAB (PAXIL), $5.00 
4500283,FAMOXIDINE (PEPCID) 20MG, $5.00 
4500288,OXYCODONE + APAP 5/325 MG, $5.00 
4500290,PHENOBARBITAL 30MG TAB, $5.00 
4500291,PLAVIX 75 MG TAB, $5.00 
4500293,PREDNISONE 5MG TAB, $5.00 
4500303,NIFEDIPINE XL 30MG TAB, $14.78 
4500306,FLUOXETINE 20MG CAP (PROZAC), $5.00 
4500310,PREDNISONE 10MG TAB, $5.00 
4500316,RISPERDAL 0.5MG, $1.90 
4500317,OMEPRAZALE 20 MG CAP(PRILOSEC), $2.02 
4500318,METOCLOPRAMIDE 10MG TAB, $5.00 
4500325,METHOCARBAMOL 500 MG TAB, $5.00 
4500327,TEMAZEPAM 15MG (RESTORIL), $5.00 
4500329,METOCLOPRAMIDE 5MG TAB(REGLAN), $5.00 
4500331,MIRTAZAPINE 15MG (REMERON), $5.00 
4500334,SULFA/TRIMETH DS TAB, $5.00 
4500337,CARBEDOPA/LEVADOPA 50/200 CR, $5.26 
4500338,CARBEDOPA/LEVADOPA 25/100 TAB, $5.00 
4500343,SINGULAIR 10 MG TAB, $5.00 
4500346,SLOBID 200 MG (SUB), $5.00 
4500353,SYNTHROID 0.1MG(SUB), $5.00 
4500354,SYNTHROID 0.05MG (SUB), $5.00 
4500361,TAMIFLU 75MG CAP, $13.82 
4500362,CARBAMAZEPINE 200MG TAB, $5.00 
4500364,ATENOLOL 50 MG TAB(TENORMIN), $5.00 
4500366,BENZONATATE 100 MG CAP, $5.00 
4500373,THEREMS M (THERAGRAN M), $5.00 
4500385,METOPROLOL ER 50 MG TAB(TOPROL, $5.00 
4500386,METOPROLOL XL 25MG TAB(TOPROL), $5.00 
4500387,ONDANSETRON ODT 4 MG (ZOFRAN), $5.00 
4500395,TYLENOL 325MG TAB, $0.25 
4500396,ACETAMINOPHEN 500 MG TAB, $0.25 
4500399,(VASOTEC) EMALAPRIL 5 MG TAB, $5.00 
4500403,DIAZEPAM 5 MG TAB (VALIUM), $5.00 
4500406,ENOLAPRIL 10 MG TAB (VASOTEC), $5.00 
4500409,DOXYCYCLINE 100 MG TAB, $5.00 
4500411,HYDROXYZINE 25MG CAP(VISTARIL), $5.00 
4500412,VIT C 500 MG TAB, $0.25 
4500413,VITAMIN E 400 INT UNITS, $0.25 
4500416,BUPROPIN SR 150 MG, $5.00 
4500417,ALPRAZOLAM 0.25 MG TAB(XANAX), $5.00 
4500418,XANAX 0.5MG (SUB), $5.00 
4500419,TRAMADOL 50 MG TAB (ULTRAM), $5.00 
4500420,WELLBUTRIN XL 150 MG, $5.00 
4500421,RANITIDINE 150 MG TAB (ZANTAC), $1.46 
4500423,METALAZONE 5 MG TAB(ZAROXOLYN), $5.00 
4500424,(ZYLOPRIM)ALLOPURINOL 100MG TB, $5.00 
4500425,(ZYLOPRIM) ALLOPURENOL 300 MG, $5.00 
4500426,AZITHROMYCIN 250MG TAB, $5.00 
4500427,LISINOPRIL 5MG TAB (ZESTRIL), $5.00 
4500428,LISINOPRIL 10MG TAB(ZESRIL), $5.00 
4500429,(ZOCOR)SIMVASTATIN 10MG, $5.00 
4500430,ZOLOFT 100MG TAB, $5.00 
4500431,ZINC S04 220MG CAPS, $5.00 
4500432,ZYRTEC 10 MG, $0.25 
4500433,(ZOLOFT) SERTRALINE 25MG, $5.00 
4500434,(ZOLOFT) SERTRALINE 50 MG, $5.00 
4500435,ACYCOVIR 800MG TAB(ZOVIRAX), $5.00 
4500436,SIMVASTATIN 40 MG (ZOCOR), $5.00 
4500437,(NAPROSYN) NAPROXEN 250MG TAB, $5.00 
4500439,DALIRESP 500MG TAB, $22.40 
4500440,GLUCOSE 4GM TAB, $5.00 
4501004,(AMOXIL)AMOXICILLIN 250MG, $5.00 
4501008,(TYLENOL)ACETAMINOPHEN 5ML UD, $3.06 
4501016,DIPHENHYDRAMINE 12.5MG/5ML, $2.20 
4501018,(CLARITIN)LORATADINE 5MG/5ML, $5.00 
4501020,KAOPECTOLIN 103 ML, $5.62 
4501024,OPIUM TINCTURE 0.8 ML, $2.77 
4501025,PHENOBARBITAL ELIX 16.6 ML, $1.59 
4501031,INSTA-GLUCOSE 31 GM, $7.54 
4501040,KAYEXALATE 15GM/60ML, $11.80 
4501043,CEPHALEXIN 250MG/100ML SUSP, $29.28 
4501049,MAGNESIUM CIT 10 OZ, $2.38 
4501051,METAMUCIL 3.4 GM  1 PKG., $0.62 
4501052,MILK OF MAG  30 ML, $2.94 
4501054,MINERAL OIL 30ML, $0.62 
4501055,(MIRALAX) POWDER 17 GM PKT, $3.12 
4501056,ALMACONE DS 30ML(MYLANTA DS), $2.16 
4501057,SIMETHICONE DROPS (MYLICON DR), $3.12 
4501061,IBUPROFEN 100MG/5ML (MOTRIN), $5.00 
4501066,GUAIFENSIN SYR 5ML, $1.04 
4501070,PREDNISOLONE 5MG/5ML ELIX 30ML, $31.68 
4501081,GUAIFENESIN DM 5ML UD, $5.00 
4501100,XYLOCAINE VISC LIDOCAINE2%15ML, $5.00 
4501105,AZITHROMYCIN 200MG/5ML/15ML, $15.92 
4501106,ROBITUSSIN AC 5 ML UD, $5.00 
4501112,PRELONE 15MG/5ML SYR, $5.00 
4501113,LACTULOSE SYR 20MG/30ML, $5.00 
4501114,PROMETHAZINE W/ COD 5 ML UD, $5.00 
4501115,READI-CAT, $14.00 
4501121,NYSTATIN ORAL SUSP 5 ML UD, $5.00 
4501123,MORPHINE ORAL SOL 20MG/30ML, $32.50 
4501124,PREVALITE PWDR PKT 4 GM, $5.00 
4501218,RANITIDINE 150MG/10ML(ZANTAC), $13.00 
4501219,ACET W/CODINE ELVXIR, $5.00 
4501220,TAMIFLU 6MG/ML ORAL SUSP 60ML, $285.84 
4501227,(BACTRIM) 200MG/40MG/5ML, $5.00 
4501228,(DECADRON) 0.5MG/5ML SYRINGE, $5.00 
4501229,CETIRIZINE(ZYRTEC) 5MG/5ML, $3.30 
4501231,ENFAMIL ENFALYTE, $5.28 
4501233,(AUGMENTIN)AMOX/CLAV400MG, $13.82 
4501235,(TAMIFLU)OSELTAMIVIR SUSP 6MG, $200.48 
4501236,(MYLANTA PLUS XS)MAG/ALUM/SIM, $4.96 
4502006,ACETAMIN  325MG SUPP, $0.86 
4502007,ACETAMIN. 650MG SUPP, $0.84 
4502013,ADVAIR DISKUS 250/50 INHALATIO, $261.32 
4502014,ADVAIR DISKUS 500/50, $425.92 
4502015,OPHTH SOL 7.5ML(CORTISPARIN), $208.42 
4502019,ARTIFICIAL TEARS 15 ML, $3.92 
4502029,ALBUTEROL INH 0.042% UD, $5.00 
4502031,XYLOCAINE JELLY 10 ML, $35.88 
4502032,(CEPASTAT)SORE THROAT LOZENGE, $0.25 
4502033,CYCLOPENTOLATE 1% OPHTH SOL, $26.38 
4502045,EYE WASH 118 ML, $5.00 
4502047,(DEBROX) EAR WAX DROPS 15ML, $2.46 
4502049,LIDOCAINE/PRILOCAINE CR 5GM, $8.48 
4502050,FLEET ENEMA, $2.02 
4502052,BISACODYL RP(DALCOLAX RS), $0.25 
4502053,FENTANYL 50MG/HR PATCH, $5.64 
4502054,ERYTHROMYCIN OPHTH OINT 0.5%, $28.44 
4502059,FUL-GLO O-STRIP (FLUORESC) 1MG, $5.00 
4502060,FLUTICASONE NASAL SPR 50MCG, $6.66 
4502061,FENTANYL 25MG/HR PATCH(DURAGIC, $5.00 
4502062,FENTANYL 75MG/HR PATCH(DURAGIC, $19.16 
4502069,BABYLAX, $20.00 
4502072,HYDROCORTISINE 1% CR 30 GM, $2.62 
4502077,DUONEB 1MG/3ML INH, $5.00 
4502079,ETHYL CHLORIDE SPRAY PER SPRAY, $20.00 
4502082,TRIAMCINOLONE 0.1% CR(KENALOG), $5.00 
4502084,CLOTRIMAZOLE/BETAMETH CR, $12.00 
4502085,MUCOMYST 4ML(SUB)R/T, $11.16 
4502088,CLOTRIMAZOLE CR (LOTRIMIN CM), $5.80 
4502089,LIDODERM 5% PATCH, $5.26 
4502095,NYSTATIN/TRIAM CR(MYCOLOG II), $38.04 
4502097,NYSTATIN CREAM 15GM, $11.80 
4502098,SALINE NASAL DROPS (NASAL)45ML, $1.84 
4502101,NEO-SYNEPHRINE 1/2 % SPRAY, $5.00 
4502103,NEOMY + POLY B O. SOL, $95.48 
4502104,TRIPLE ANTIBIOTIC OINT PKTS, $0.30 
4502106,NICOTENE 7 MG PATCH, $3.38 
4502107,NICOTENE 14 MG PATCH, $5.00 
4502110,NITROPASTE-TROPICAL 1GM, $5.00 
4502111,NICOTENE 21 MG PATCH, $2.56 
4502114,NITRO PATCH 0.4 MG (MINITRAN), $20.00 
4502117,PROMETHAZINE 25MG RS (PHENERGA, $13.90 
4502118,PULMICORT RESPULES .25MG/2ML, $13.76 
4502120,VENTOLIN HFA INHALER 90 MCG, $38.48 
4502121,RACEPINEPHRINE 2.25%  .5ML, $5.00 
4502122,SILVER NITRATE APPL., $5.00 
4502123,SSD CR 50GM (SILVADENE), $24.80 
4502126,ALBUTEROL 0.083% UNIT DOSE, $5.00 
4502128,TETRACAINE 0.5% DROP 2ML, $19.16 
4502134,NEOMYCIN + POL B (CORTISPORIN), $159.86 
4502135,BUDESONIDE .5 MG/2ML(PULMICORT, $12.84 
4502138,SPIRIVA HANDIHALER, $119.26 
4502150,LIDOCAINE JELLY 2% 30 ML, $34.98 
4502152,XOPENEX 0.63MG, $5.00 
4502153,XOPENEX 1.25MG(2), $5.41 
4502169,MUPIROCIN 2% OINT (BACTROBAN), $10.92 
4502174,TRANSDERM SCOP, $36.56 
4502200,B & O SUPPOSITORY 15A, $117.90 
4502203,ALBUTEROL CONS. SOL 0.5%/ .5ML, $5.00 
4502204,TOBRAMYCIN .3% 5ML (TOBREX), $22.00 
4502210,"IPRATROPIUM BROMIDE, UNIT DOSE", $5.00 
4502250,LIDOCAINE JELLY 2% 5 ML, $5.00 
4502255,ER EYE KIT GENTAK 0.3% 5ML, $28.80 
4502272,POTASSIUM 40 MEQ ORAL 30ML, $8.14 
4502276,COMBIVENT RESPIMAT 4GM, $592.74 
4502278,SODIUM CHLORIDE 3% INH SOL, $20.00 
4502280,ASPIRIN 300MG RECTAL SUPP, $2.36 
4502281,BACITRACIN OINT PACKETS 0.9GM, $0.25 
4502282,(OCUFLOX) OFLOXACIN .3% SOL5ML, $14.14 
4502283,(AFRIN) OXYMETAZOLINE .05% NS, $1.84 
4502284,(LOTRIMIN) CLOTRIMAZOLE 1% CR, $4.42 
4502286,MONSELS 8ML VIAL, $22.08 
4502287,LIDOCAINE 2% 20ML URO-JET, $38.16 
4502288,(BACTOBAN)MUPIROCIN 2% 15GM, $10.74 
4502289,(ANUSOL HC) PROCTOZONE-HC 2.5, $36.70 
4502291,SANTYL 30GM, $414.16 
4502292,LEVALBUTEROL 1.25MG SALINE BUL, $11.02 
4503002,EPINEPHRINE 1:1000 1ML AMP(10), $20.00 
4503011,ACTIVASE 100 MG VIAL X100," $16,474.28 "
4503013,AVELOX 100 MG(4), $267.63 
4503019,ANECTINE ^20 MG(10), $107.70 
4503022,(APRESOLINE)HYDRALAZINE^20MG, $222.64 
4503023,(AQUAMEPHYTON) VIT K 1 MG (10), $232.98 
4503026,DEPHENHY-DRAMINE 50MG, $20.00 
4503029,BICARB SOD 50 MEQ PFS, $59.22 
4503032,BICILLIN LA ^1.2 MU PFS(12), $736.00 
4503033,(BRETHINE)TERBUTALINE^1MG VIAL, $20.00 
4503035,(BUMEX)BUMETANIDE 1MG VIAL, $20.00 
4503037,VERAPAMIL 5 MG VIAL, $131.00 
4503039,CALCIUM GLOCONATE 10 ML, $24.60 
4503045,CEFOTAXIME 1 GM VIAL(CLAFORAN), $20.00 
4503047,CIPRO 400MG IVPB X2, $20.00 
4503050,(DECADRON)DEXAMETHASONE 1MG VL, $20.00 
4503052,(CARDIZEM)25MG DILTIAZEM VIAL, $20.00 
4503058,(DEPO MEDROL) 80MG VIAL, $112.74 
4503059,MEDROXYPROGESTERONE 1MG (150), $520.50 
4503062,DEXTROSE 50% PFS, $39.90 
4503063,DEPOTESTOSTERONE 200 MG X 200, $133.98 
4503071,DIPROVAN AMP (SUB) 200MG X 20, $20.00 
4503073,DOXYCYCINE 100MG VIAL, $105.84 
4503075,"EPINEPHRINE SYR 1:10,000", $32.64 
4503076,EPHEDRINE 50MG   1ML PWD, $157.30 
4503080,(FOLVITE) FOLIC ACID 5MG/1ML, $128.10 
4503084,GENTAMYCIN 80MG VIAL(GARAMYCIN, $20.00 
4503085,METRONIDAZOLE 500MG IVPB, $20.00 
4503086,GLUCAGEN 1 MG AMP(GLUCAGON) VL, $439.67 
4503087,HALOPERIDOL 5MG/1ML VIAL, $35.94 
4503114,LANOXIN 0.5MG  2ML AMP (SUB), $21.96 
4503115,(LASIX) FUROSEMIDE 20MG VIAL, $20.00 
4503120,LIDOCAINE 100MG PFS, $20.00 
4503127,OPTIMARK 1ML (15ML), $5.23 
4503129,BUPIVACAINE 0.5% 10ML(MARCAINE, $20.00 
4503130,SENSORCAINE 0.25% ^20ML(MARCAI, $20.00 
4503133,FLUMAZENIL 5ML VL (ROMAZICON), $20.00 
4503137,DEMEROL 100MG SYR, $31.44 
4503144,MORPHINE 10MG AMP 1ML, $20.00 
4503148,NALOXONE 0.4 MG/ML (NARCAN), $25.62 
4503156,LABETALOL CPJ 5MG(NORMODYE), $37.86 
4503170,PROCRIT 1000 UNITS EPOETIN(20)," $1,354.25 "
4503175,NEOSTIGMINE 1MG/1ML(20), $92.58 
4503177,PROTONIX 40 MG PWD, $20.00 
4503181,METOCLOPRAMIDE 10 MG PWD VL, $20.00 
4503183,ROBINUL 1ML (GLYCOPYRROLATE), $129.18 
4503186,SOLU-CORTEF 100 MG VIAL, $74.04 
4503188,SOLU-MEDROL 40 MG A-O-V, $27.36 
4503189,SOLU-MEDROL 125 MG, $43.56 
4503208,LABETALOL 5MG/ML 20ML MDV, $20.00 
4503212,TUBERCULIN TEST UNIT(MANTOUX), $39.12 
4503215,DIAZEPAM 5MG SYR (VALIUM), $86.88 
4503216,(VANCOMYCIN) 500 MG PWD, $20.00 
4503220,(VISTARIL)HYDROXYZINE 25MG VL, $13.00 
4503227,LIDOCAINE 1% DOSE^20ML, $20.00 
4503228,LIDOCAINE 2% DOSE ^20 ML(2), $20.00 
4503229,XYLOCAINE 1% EPI ^ 10ML, $20.00 
4503230,XYLOCAINE 2%EPI ^5 ML, $20.94 
4503231,ONDANSETRON 1MG (ZOFRAN) VIAL, $20.00 
4503233,BICARB SOD 5MEQ PFS 4.2%, $60.60 
4503241,ATROPINE 0.1 MG PFS, $44.04 
4503253,ZEMURON 10 ML VIAL, $39.36 
4503255,ZITHROMAX 500MG VIAL, $20.00 
4503261,DEXTROSE 25% PFS  2.5 GM, $40.92 
4503267,METOPROLOL 5 MG AMP, $20.00 
4503268,(B12)CYANCOBALAMIN^1000 MCG VL, $20.00 
4503270,KETALAR 500 MG 10ML VIAL, $20.00 
4503272,CEFTRAIXINE 250MG PD(ROCEPHIN), $16.00 
4503275,OPTIRAY 350 1ML (100ML)CT CNST, $1.09 
4503277,(ROCEPHIN)CEFTRAIAXONE 1GM(4), $20.00 
4503301,MARCAINE W/EPI.25% 50ML, $52.02 
4503303,NEXTERONE 360MG/200ML, $232.76 
4503308,"HEPARIN 1,000 UNITS", $20.00 
4503309,LORAZEPAM 2MG/ML(ATIVAN), $20.00 
4503314,LIDOCAINE 1% 10MG/ML 100ML, $20.00 
4503315,KETOROLAC 60MG VIAL(4), $20.00 
4503317,LEVAQURN 250 MG IV, $33.72 
4503319,FOSPHENYTOIN 100 MG (2), $20.00 
4503321,NITROGLYCERIN 250ML, $346.50 
4503327,CALCIUM CHLORIDE SYR, $48.30 
4503334,POTASSIUM 40MEQ IN NS 500ML, $59.82 
4503340,ADENOSINE 6MG VIAL, $35.70 
4503344,POTASSIUM 20MEQ/100ML, $28.14 
4503345,XYLOCAINE LIDOCAINE 1% 1MG/ML, $20.00 
4503348,LEVAQUIN 750MG (3), $33.72 
4503349,(CLEICIN) CLINDAMCIN 900MG, $119.70 
4503350,(KEFZOL) CEFAZOLIN 2QM IVPB, $42.12 
4503351,POTASSIUM CHOLRIDE 40MEQ/100ML, $20.00 
4503353,MAGNESIUM 1GM IVPB(2), $27.12 
4503355,MORPHINE 10MG SYR, $20.00 
4503357,TETANUS DIP TOX 0.5ML, $96.02 
4503358,PROCHLORPERAZINE 10MG VIAL, $72.72 
4503359,VANCOMYCI 750MG X2, $53.76 
4503360,LEVAQUIN 250MG PMX, $33.72 
4503362,HUMALOG INSULIN PER 5 UNITS, $20.00 
4503364,PEPCID FAMOTIDINE 20MG PMX, $20.00 
4503365,DEPO MEDDROL 40MG VIAL, $64.98 
4503367,(XYLOCAINE) LIDOCAINE 1.5% W/E, $20.00 
4503368,LEVOPHED 4MG/250ML BAG, $20.00 
4503369,1/2 NORMAL SALINE 1000ML, $63.00 
4503370,D5 1/2 NS 1000ML, $63.00 
4503373,D5 .45% NS 20MEQ KCL 1000ML, $63.00 
4503375,D5 0.22% NACL 1000ML, $63.00 
4503376,LR 1000ML, $63.00 
4503377,20MEQ KCL 1000ML, $63.00 
4503379,D5 1000ML, $63.00 
4503380,D5 NACL 1000ML, $63.00 
4503381,NACL 1000ML, $63.00 
4503382,0.45% NS 20MEQ KCL 1000ML, $63.00 
4503384,D5 20MEQ KCL 1000ML, $63.00 
4503385,NACL MINI BAG + 100ML, $63.00 
4503386,NACL 100ML, $63.00 
4503387,NACL 250ML, $63.00 
4503388,NACL 500ML, $63.00 
4503391,PREVNAR 13, $847.15 
4503394,CLINIMIX 4.25, $125.00 
4503395,BOOSTERIX SYRINGE 0.5ML, $170.67 
4503409,PROCRIT 20000U ESRD X20," $1,354.25 "
4503411,PROCRIT 40000U ESRD X40," $1,354.25 "
4503418,NAROPIN 20MG/10ML AMP, $27.06 
4503419,FENTANYL 100MCG/2ML SYR, $20.00 
4503420,KEPPRA EVETIRACETAM 500MG, $20.00 
4503426,INTALIPID 20% 250ML, $54.72 
4503429,CUBICIN RF 500MG VIAL, $725.40 
4503435,D%W 250ML BAG, $63.00 
4503439,ZARXIO 300MCG SYR," $1,011.65 "
4503440,ENTRESTO 49-51MG, $14.32 
4503441,#N/A, $25.00 
4503442,MORPHINE PCA 30MG/30ML, $61.80 
4503447,BUPIVICAINE 0.5% EPI, $20.00 
4503448,DILAUDID 2MG SYRINGE, $20.00 
4503449,DOBUTAMINE 250MG, $27.84 
4503450,MORPHINE 2MG XYR, $20.00 
4503451,MORPHINE 4MG SYR, $20.00 
4503453,(TORADOL)KETOROLAC 30MG VIAL, $20.00 
4503455,MORPHINE 10MG VIAL, $20.00 
4503457,(LASIX) FUROSEMIDE 20MG VIAL, $20.00 
4503459,(ROCEPHIN)CEFRIAXONE 1GM PMX, $66.36 
4503460,ZYVOX 60MG PMX, $134.82 
4503461,(SUBAMMADEX)BRIDION 200MG, $489.06 
4503462,CIPRO 400MG PMX, $20.00 
4503463,FENTANYL 100MCG 2ML VIAL, $20.00 
4503464,DOBUTAMINE 250MG VIAL, $30.30 
4503465,D5 LR 1000ML, $63.00 
4503466,(CARDIZEM) DILTIAZEM 50MG, $20.00 
4503467,HEPARIN LOCK FLUSH 500UNIT, $20.00 
4503468,(BUMEX)BUMETANIDE 1MG VIAL, $20.00 
4503469,(DALAUDID) HYDROMORPHONE 2MG, $20.00 
4503470,MORPHINE 4MG, $20.00 
4503473,HEPARIN 250ML BAG, $32.46 
4503474,(CIPRO)CIPROFLOXACIN 200MG PMX, $20.00 
4503475,(XYLOCAINE)LIDOCAINE0.5% 250MG, $20.00 
4503504,ZYVOX 200MG(3), $165.77 
4503506,ZOSYN 1.125 GM PWD(3), $21.66 
4503511,NEULASTA 6 MG PFS," $10,140.00 "
4503512,ACYCLOVIR 5MG (ZOVIRAX) PWD, $29.82 
4503513,FLUCONAZOLE 200MG IVPB, $20.00 
4503516,ARANESP 1MCG PFS," $1,022.15 "
4503528,"HEPARIN DRIP 1,000 UNITS 250ML", $41.94 
4503537,DILTIAZEM 125 MG VIAL(CARIZEM), $20.00 
4503540,PROCRIT 1000 UNITS EPOETIN X10, $677.15 
4503541,PROCRIT 40000 UNIT," $1,354.25 "
4503543,(INFED) DEXFERRUM 100 MG VIAL, $148.92 
4503545,(KEFZOL)CEFAZOLIN 500MG PWD, $20.00 
4503546,KENALOG 10 UNITS 0.25ML, $51.78 
4503547,(LASIX) FUROSEMIDE 20 MG VL(2), $20.00 
4503548,(LASIX) FUROSEMIDE 100 MG VL, $34.50 
4503549,LOVENOX 40MG, $20.00 
4503550,LOVENOX 60MG, $27.00 
4503551,LOVENOX 80MG, $34.50 
4503552,LOVENOX 10 MG PFS, $44.82 
4503553,LOVENOX 10 MG PFS, $52.38 
4503554,LOVENOX 10 MG PFS, $338.25 
4503559,(ROCEPHIN)CEFTRIAXONE 250MG PD, $20.00 
4503560,(ROCEPHIN)CEFTRIAXONE 250MG(2), $20.00 
4503561,FENTANYL 100MCG/2ML (0.1MG), $20.00 
4503562,KETOROLAC 15 MG CPJ (X2), $20.00 
4503564,AMPICILLIN+SULB 1.5GM PWD, $20.00 
4503566,(VISTARIL)25MG HYDROXYZINE VL, $11.00 
4503569,MAGNESUIM SULFATE 500MG VL(2), $20.00 
4503571,LOVENOX 30MG, $20.00 
4503572,CATHFLO ACTIVASE 2MG VIAL(2), $716.30 
4503575,AZACTAM 1GM VIAL, $188.78 
4503577,(CLAFORAN) CEFOTAXIME 2MG VIAL, $20.00 
4503585,(VERSED) MIDAZOLAM 1MG/1ML VL, $20.00 
4503589,VANCOMYCIN 500 MG PWD (2), $23.22 
4503600,MIDAZOLAM 1MG/1ML PFS (5), $20.00 
4503701,HEPARIN 1000 UNITS CPJ(5), $20.00 
4503704,(ROCEPHIN)CEFTRIAXONE 250MG X8, $20.00 
4503709,HEPARIN FLUSH 10ML SINGLE USE, $20.00 
4503719,TAZICEF 500 GM (FORTAZ) PWD, $33.66 
4503722,SODIUM CHLORIDE INH 0.9% 3ML, $20.00 
4503736,CLINDAMYCIN 300 MG (CLEOCIN), $97.98 
4503737,DOPAMINE 40 MG 250ML(10), $72.66 
4503738,PROMETHAZINE 25MG VIAL, $20.00 
4503748,MAGNESUIM SULF IVPB 500MG IVPB, $54.60 
4503757,DEMEROL 25MG PFS, $33.30 
4503758,DEMEROL 50MG PFS, $34.44 
4503779,DEXAMETHASONE 1MG(DECADRON), $1.80 
4503784,AZACTAM 1 GM, $141.74 
4503790,VENOFER 1 MG VIAL, $164.78 
4503806,SENSORCAINE 0.5% ^30ML, $47.22 
4503808,MEBROFENIN 5 MCI (CHOLETEC), $145.00 
4503809,MEDRONATE TC-99M 25 MCI, $149.00 
4503810,SESTAMIBI/CARDOLITE TC-99M, $173.00 
4503814,SULFUR COLLOID 1 MCI TC-99M, $308.00 
4503824,LEXISCAN 0.1 MG PFS(4)," $1,024.75 "
4503827,MERREM 100 MG VIAL(10), $51.42 
4503831,LANTUS SOLOSTAR PEN 3ML, $391.38 
4503832,HUMALOG PEN 3ML, $503.90 
4503837,NOVOLOG 70/30 FLEX PEN 3ML, $161.87 
4503857,3% SODIUM CHLORIDE 500 ML, $20.00 
4503875,HUMULIN 70/30 PEN, $492.53 
4503881,SYNVISC ONE PFS 6ML (48)," $1,564.95 "
4503886,HUMULIN R PER U100 3ML x60, $233.09 
4503887,HUMULIN R PER 5 UNITS, $20.00 
4503902,HUMULIN N PENFILL 3 ML, $492.53 
4503904,GLYCOPYRROLATE 0.4MG/2ML, $48.63 
4503912,HUMALOG 75/25 INSULIN PEN 3 ML, $503.90 
4503913,LIDOCAINE 2% 5 ML VIAL, $20.00 
4503915,MVI 2 VIAL SYSTEM, $698.35 
4503917,CEFAZOLIN 500 MG IVPB, $22.44 
4503918,KENALOG 10 MG VIAL-THEO CLINIC, $14.00 
4503919,KENALOG 10MG VIAL-THEO CLINIC, $66.24 
4503926,ER CC AMIDARONE 30MG VL/150=5, $20.00 
4503973,ER NB KIT XYLOCAINE W/EPI 1%, $14.00 
4503974,BUPIVACAINE W/EPI 0.5% VIAL, $20.00 
4503978,ORPHENADRINE CITRATE 60MG/2ML, $72.00 
4503985,THIAMINE 200MG VIAL(2), $35.64 
4503989,PHENYLEPHRINE 0.1MG/.5MG:5CHGS, $28.26 
4503990,ESMOLOL 100MG/10ML VIAL, $32.46 
4503992,OPTIMARK 1ML(30ML)-MRI CNST, $4.05 
4503993,GASTROGRAPHEN-USED IN CT SCAN, $1.16 
4504030,KETORALAC 30MG VIAL(TORADOL), $15.00 
4504031,ULTANE PEN, $62.64 
4504500,(MAXALT) RIZATREPTAN ODT 5MG, $5.00 
4504756,(REQUIP) ROPINEROLE 1MG, $5.00 
4505002,PROCHLORPERAZINE 5MG TAB, $5.00 
4505003,CLINDAMYCIN 150MG CAP(CLEOCIN), $5.00 
4505006,DETROL LA 4 MG TAB, $7.26 
4505009,CRESTOR 10 MG TAB, $5.00 
4505010,TERAZOSIN 5 MG CAP(HYTRIN), $5.00 
4505011,COLCHICINE 0.6 MG TAB, $5.00 
4505012,BISACODYL 5MG TAB(DULCOLAX), $0.25 
4505016,PRIMADONE 50MG TAB(MYSOLINE), $5.00 
4505017,DOCUSATE 50MG+SENNOSIDES 8.6MG, $1.42 
4505018,PHENAZOPYRIDINE 200MG TAB, $6.91 
4505019,DEPAKOTE 500 MG TAB, $1.39 
4505020,SENNA SENNOSIDES 8.6MGTAB(SENN, $0.25 
4505022,OXYBUTYNIN 5 MG(DITROPAN), $5.00 
4505027,PROBIOTIC TAB, $0.82 
4505030,SODIUM BICARBONATE 650 MG TAB, $1.06 
4505032,ZYVOX 600 MG TAB, $6.88 
4505037,SULFASALAZINE 500 MG TAB, $1.39 
4505038,VALTREX 1 GM TAB, $5.00 
4505044,ROPINIROLE 0.5 MG TAB(REQUIP), $5.00 
4505047,AVAPRO 300 MG TAB, $6.36 
4505058,KEPPRA 500 MG TAB, $1.36 
4505063,FAMOTIDINE 20MG/2ML VL(PEPCID), $20.00 
4505070,HYDROCORTISONE 10MG TAB(CORTEF, $5.00 
4505074,ZINC OXIDE 30 GM, $5.04 
4505075,LOPERAMIDE 2 MG TAB, $0.25 
4505079,SINGULAIR 4 MG CHEW TAB, $5.00 
4505085,A & D OINTMENT 56.7 GM, $4.14 
4505086,HYDROCERIN CR 113 GM (EVCERIN), $5.30 
4505089,EVISTA 60 MG TAB, $16.00 
4505091,DEPAROTE SPRINKLE 125 MG CAP, $5.00 
4505095,XOPENEX INHALER 45 MCG, $101.00 
4505098,VIAGRA 25 MG TAB, $57.44 
4505099,CEPHOLEXIN 250 MG CAP(REFLEX), $5.00 
4505107,LYRICA 75MG CAP, $6.11 
4505111,BENICAR 20 MG TAB, $5.00 
4505114,NYSTATIN POWDER 30 GM, $9.64 
4505117,OXYCONTIN CR 20 MG TAB, $10.28 
4505121,DILTIAZEM 60MG TAB(CARDIZEM), $5.00 
4505122,HYDROCODONE 5/325MG TAB(NORCO), $5.00 
4505124,QUETIAPINE 25MG TAB, $5.00 
4505125,BYSTOLIC 5 MG TAB, $5.65 
4505126,LOVAZA 1 GM CAP, $4.20 
4505128,EFFEXOR XR 75 MG CAP, $5.00 
4505133,CYMBALTA 30 MG CAP, $5.00 
4505134,BACLOFEN 10 MG TAB (LIORESAL), $5.00 
4505138,VOLTAREN GEL 1% 100 GM, $48.76 
4505142,AMOXICILLIN/CLAV 875/125MG TAB, $5.00 
4505144,VANCOCIN 125 MG TAB, $18.19 
4505149,MIRAPEX 0.125 MG TAB, $9.49 
4505153,VITAMIN B-1 100 MG TAB, $0.25 
4505158,VALPROIC ACID 250MG CAP, $1.62 
4505163,AVODART 0.5 MG TAB, $5.00 
4505167,COSYNTROPINE .25MG VIAL, $74.16 
4505168,FLORINEF 0.1MG TAB, $1.93 
4505177,SORE THROAT SPRAY 180ML, $3.58 
4505182,METHOTREXATE 2.5 MG TAB, $2.42 
4505191,PATANOL OPHTH SOL 0.1% 5 ML, $150.00 
4505192,NORTRIPTYLINE 25MG CAP(PAMELAR, $1.33 
4505194,XIFAXAN 200 MG TAB, $33.24 
4505196,RECLAST 1MG  20ML (5), $393.80 
4505204,NIACIN TR 500 MG CAP(SLO-NIACI, $1.18 
4505207,VITAMIN B COMPLEX, $1.18 
4505209,PENTOXIFYLLINE 400MG TAB, $1.41 
4505210,LORAZEPAM INTENSOL 2MG/ML 30ML, $60.08 
4505217,XALATAN .005% 2.5 ML, $12.84 
4505221,CELEBREX 100 MG TAB, $6.96 
4505226,LEVEMIR FLEX PEN  1 UNIT, $210.60 
4505228,MORPHINE IR 15MG TAB, $5.00 
4505230,HYOSCYAMINE 0.125MG TB(LEVBID), $2.34 
4505233,TOPIRAMATE 25MG TAB(TOPAMAX), $1.37 
4505235,LIPITOR 80 MG, $12.79 
4505240,VITAMIN B-12 500 MCG, $0.25 
4505243,MORPHINE ER 30MG TAB, $5.00 
4505244,PERMETHRIN CR 5%  60 GM, $96.50 
4505246,MORPHINE ER 15 MG TAB, $5.00 
4505253,DICYCLOMINE 10MG/5ML (BENTYL), $13.00 
4505256,AGGRENOX 200/25 MG CAP, $15.34 
4505266,FENTANYL 12 MCG PATCH, $20.34 
4505275,CILASTAZOL 100 MG TAB(PLETAL), $1.56 
4505276,DICLOFENAC SOD 75MG(VOLTAREN), $1.94 
4505277,ZETIA 10 MG TAB, $5.00 
4505281,LABETALOL 100 MG TAB(TRANDATE), $5.00 
4505291,INVANZ 500 MG VIAL(2), $511.85 
4505293,PRAVASTATIN 40MG TB(PRAVACHOL), $1.53 
4505299,FLOVENT HFA 110 MCG, $432.68 
4505301,NEUPOGEN 480 MCG SYRINGE," $1,036.30 "
4505305,GEODON 20 MG CAP, $5.00 
4505306,METFOVMEN ER 500MG TAB, $1.37 
4505308,OXYBUTYNIN ER 5 MG TAB, $5.00 
4505310,XYZAL 5 MG TAB, $8.19 
4505322,HYDROXYZINE 10 MG TAB(ATARAX), $1.51 
4505327,JANUVIA 100 MG TAB, $16.00 
4505329,PRAMIPEXOLE 0.5MG TAB(MIRAPEX), $5.08 
4505331,FLEET ENEMA PEDIATRIC, $2.22 
4505338,VERAPAMIL SR 240 MG TAB(CALAN), $1.72 
4505339,HYDRALAZINE 10MG TB(APRESOLINE, $5.00 
4505342,VALACYCLOVIR 500 MG TB(VALTREX, $16.00 
4505343,DOCUSATE 50 MG/5ML (COLACE), $7.60 
4505344,AMITIZA 24 MCG CAP, $10.06 
4505352,BROVANA 15 MCG/2ML INH SOL, $11.22 
4505353,HYDROCODONE 10/325MG TAB(NORCO, $5.00 
4505356,PV EYE DROP, $5.78 
4505357,TRICOR 160 MG TAB, $5.82 
4505359,PRAMAPEX 0.25 MG (MIRAPEX), $8.56 
4505363,AMITRIPTYLINE 10 MG TAB, $5.00 
4505364,B&O #16 6-016.2MG, $-   
4505368,LEVOTHYROXINE 0.88 MG TAB, $5.00 
4505372,ZYPREXA 5 MG, $34.66 
4505373,ZOSYN 1.125MG VIAL/4.5GM (4), $37.92 
4505377,PRADAX 75 MG, $11.26 
4505378,PRADAXA 150 MG, $10.62 
4505385,BUSPIRONE 5 MG TAB(BUSPAR), $1.12 
4505389,NORTRIPTYLINE 10MG(PAMELOR), $1.24 
4505391,SINGULAIR 4MG GRANULES, $14.59 
4505392,DEXAMETHASONE 1ML(DECADRON), $1.46 
4505399,VERAPAMIL ER 120MG(CALAN SR), $1.39 
4505406,CYMBALTA 20MG CAP, $5.00 
4505407,DEXAMETHASONE(DECADRON), $20.00 
4505411,AMPHETAMINE SALTS 10MG, $5.00 
4505416,SLOW MAG 71.5MG, $5.00 
4505417,METHIMAZOLE 5MG(TAPAZOLE), $5.00 
4505418,NABUMETONE 750MG TABLET, $1.74 
4505429,VITAMIN D 1000 INT UNIT, $0.25 
4505439,BENEFIBER STICK, $0.68 
4505440,BUTRANS 5MCG PATCH, $96.08 
4505441,RENEXA 500 MG TAB, $9.72 
4505442,"VITAMIN D 10,000 UNITS", $3.32 
4505448,ABILIFY 2 MG, $33.01 
4505449,METFORMIN 850 OZ(GLUCOPHAGE), $1.14 
4505450,CEFDINIR 125MG/5ML(OMNICEF), $49.66 
4505451,DEPOPROVERA 10MG(PROVERA), $1.18 
4505454,METRONIDAZOLE 500MG TB, $5.00 
4505457,SEROQUEL XR 200 MG TAB, $28.28 
4505458,LAMOTRIGINE 100 MG TAB, $5.00 
4505465,DALERA 200 MCG 5MCG 13 GM, $394.44 
4505476,PERPHENAZINE 4MG, $2.81 
4505485,SYMBICORT INH 10.2GM, $285.92 
4505486,MELOXICAM 7.5MG, $5.00 
4505491,"VIT D2 50,000 INT UNITS", $1.75 
4505495,THERMO TAB, $1.27 
4505511,ISOSRBIDE MONO 20MG TAB(IMOUR), $1.24 
4505515,PANTOPRAZOLE 20MG(PROTONIX), $5.00 
4505516,FERROUS SULF DROPS, $3.94 
4505521,ATARVASTATEN 40MG TAB(LIPITOR), $5.00 
4505527,FENASTERIDE 5MG (PROSCAR), $5.00 
4505529,XARELTO 10MG TAB, $19.62 
4505536,PRIMIDONE 250MG TAB, $1.77 
4505543,FIRST-MARY'S MOUTHWASH, $60.40 
4505548,GALATAMINE 8MG(RAZADYNE), $4.80 
4505557,ACTIGALL 300MG(URSODIOL), $1.72 
4505561,MEGESTROL (MEGACE) 400MG/10ML, $5.42 
4505566,PAROXETINE 10 MG (PAXIL), $1.18 
4505567,PROGESTERONE 100MG (PROMETRIUM, $4.60 
4505575,(ATROVENT)IPRATROPIUM .06% NS, $55.94 
4505577,(TRILIPTAL)OXCARBAZEPINE 300MG, $1.69 
4505579,(ISORDIL) ISOSORBIDE ER 40MG, $2.56 
4505580,ELIQUIS 5MG, $9.82 
4505582,(DECADRON) DEXAMETHASONE 4MG, $5.00 
4505583,ZOSYN 2.25GMX2, $20.00 
4505586,(EFFEXOR) VENLAFAXINE XR37.5MG, $1.39 
4505587,(XYLOCAINE) LIDOCAINE 4% 2QM T, $5.00 
4505592,(KEPPRA) LEVETIRACETAM 750MG, $1.78 
4505593,THEOPHYLLINE 100MG, $1.39 
4505594,TRAVATAN 1, $317.12 
4505595,(OMNICEF) CEFDINIR 300MG, $4.69 
4505599,LINZESS 290MCG, $20.68 
4505600,(ARIMIDEX) ANASTROZOLE 1MG TAB, $5.00 
4505601,(CELEXA) CITALOPRAM 10MG, $1.78 
4505605,ASACOL HD 800MG, $11.16 
4505610,(MAXIPIME)CEFEPIME 2GM VIAL, $33.66 
4505613,PROLIA 60MG SYR (X60)," $2,307.92 "
4505614,LINZESS 145MCQ, $20.68 
4505616,ACYCLOVIR 1GM VIAL X 2OO CHG, $51.54 
4505617,TRADJENTA 5MG, $23.12 
4505618,ABILIFY 5MG, $5.00 
4505619,SYNTHROID 125MCQ TAB, $5.00 
4505620,"SOLU MEDROL 1,000MG VIAL", $235.73 
4505622,GAMUNEX-C 10% 100ML X20," $2,080.25 "
4505623,GAMUNEX 10% 200ML X40," $3,328.40 "
4505632,CO Q10 100MG, $0.26 
4505633,OFIRMEV 1000/100ML X100 CHG, $191.24 
4505649,CHLORTHALIDONE (HYGROTN) 25MG, $5.00 
4505651,CIPRO 200MG/100ML PMX, $20.00 
4505655,RIFAXIMIN (XFAXAN) 550MG TABS, $68.40 
4505656,PRAMPEXOLE 1MG TAB, $5.00 
4505657,PROPRANOLOL 1MG/1ML VIAL, $14.96 
4505666,NEXIUM PWD 20MG, $17.20 
4505668,NEXPLANON 68MG," $1,648.55 "
4505677,SYMBICORT 80/4.5 MCG, $274.64 
4505693,BRILINTA 90MG, $10.96 
4505697,BRIMONIDE 0.2% 10M DROPS, $5.06 
4505698,NAMENDA XR 28MG CAP, $20.64 
4505699,COENZYME Q10 50MG, $0.34 
4505706,TRAPAZOLE METHIMAZOLE 10MG, $5.00 
4505708,COLACE DOCUSATE 100MG, $0.66 
4505711,SENEXON 8.8MG/5ML, $5.00 
4505713,LETS KIT, $74.00 
4505714,TRANEXMIC ACID 1000MG, $44.04 
4505715,LET 3ML SYR, $20.00 
4505716,FLORANEX GRAN, $3.08 
4505719,POTASSIUM ACET 2MEQ VIAL, $57.18 
4505723,MELATONIN 3MG, $0.25 
4505724,SUBOXONE 8MG-2MG, $14.20 
4505726,THEOPHYLLINE ER 400MG, $5.00 
4505732,SINEMET CR CARB/LEVO CR 25-100, $5.00 
4505733,DITROPAN ER 10MG, $5.00 
4505738,(IMITREX)SUMATRIPTAN 6MG VIAL, $57.18 
4505742,JANUMET 50/1000 TAB, $12.10 
4505744,(TOPAMAX)TOPIRAMATE 100MG, $5.00 
4505748,FERROUS GLUC 324MG, $0.25 
4505751,TIMOPTIC 0.5% 5ML, $10.00 
4505754,FLOVENT HFA 220MG, $642.00 
4505755,MYRBETRIQ ER 25MG, $22.00 
4505757,(REQUIP) ROPINEROLE 3MG, $5.00 
4505758,(ROBINUL) GLYCOPYRROLATE 1MG, $5.00 
4505760,GELFOAM 12-7 MM, $11.82 
4505761,JANUVIA 25MG, $24.96 
4505764,(CARAFATE)SUCRALFATE 1GM/10ML, $13.58 
4505767,INVOKANA 100MG, $26.74 
4505774,(TENEX) GUANFACINE 2MG, $5.00 
4505775,MENVEO, $471.02 
4505777,NICOTINE PATCH 14MG, $2.50 
4505779,(DECADRON) DEXAMEHASONE 2MG, $5.00 
4505780,BUTRAN 10MCG PATCH, $140.34 
4505784,(DENTLYL)DICYCLOMINE 10MG, $5.00 
4505785,(SYNTHROID)LEVOTHYROXINE 25MCG, $5.00 
4505786,THEOPHYLLINE 300MG, $6.52 
4505787,PROGESTERONE 200MG, $5.00 
4505788,(VIT D3) CHOLECALCIFEROL 5000U, $0.48 
4505789,PRED FORTE 1%ML, $48.04 
4505791,(TINACTIN)TOLNAFTATE SPRY 150, $7.50 
4505792,NIACIN ER 250MG, $0.25 
4505794,(SYNTHROID)LEVOTHYROXINE 100, $452.93 
4505795,METRONIDAZOLE TOP GET 0.75%1, $169.04 
4505796,(HALDOL)HALOPERIDOL 5MG, $5.00 
4505797,COPPER CHLORIDE 4MG/10ML VIAL, $104.28 
4505799,FLULAVAL SYR 0.5ML 2018-2019, $25.00 
4505800,UMECLIDINIUM 62.5 MCG INHS, $96.42 
4505802,(PLETAL)CILOSTAZOL 50MG, $5.00 
4505804,(PROVERA)MEDROXYPROGESTERONE, $5.00 
4505805,(STARLIX)NATEGLINIDE 120MG, $5.00 
4505807,(EXLAX)SENNOSIDES 15MG CHOC, $6.60 
4505808,(ABILIFY)ARIPIPRAZOLE 15MG, $5.00 
4505809,(REFRESH OPTIVE DROPS) OTC, $7.50 
4505810,(EFFEXOR XR)VENLAFAXINE ER 150, $5.00 
4505812,(NEXIUM)ESOMEPRAZOLE 40MG, $16.90 
4505813,(DECADRON)DEXAMETHASONE 1MG/ML, $50.57 
4505814,(VIMPAT)LACOSAMIDE 100MG, $25.22 
4505815,(RESTATIS DROP)CYCLOSPORINE, $15.90 
4505816,(XYLOCAINE2% EPI)LIDO 1.7ML, $20.00 
4505845,(ACCUPRIL)QUINAPRIL 40MG, $5.00 
